cell_type_broad,n_cells,quantile,atac_fragments,matrix_total_counts,matrix_n_accessible_peaks,atac_frip,atac_tss_fragment_fraction,atac_mitochondrial_fraction,atac_duplicate_fraction,atac_lowmapq_fraction
Cytotoxic_T_cell,755,0.0,169.0,262.0,133.0,0.5127959053103007,0.42994241842610365,0.0,0.2678132678132678,0.022292993630573247
Cytotoxic_T_cell,755,0.01,670.42,966.02,476.2,0.6676345060699,0.5327137394834395,0.0,0.3244188495526192,0.049399805754395607
Cytotoxic_T_cell,755,0.02,938.16,1303.12,671.2,0.6813464493775766,0.5458225566834317,0.0,0.34587107154554697,0.05125854302895977
Cytotoxic_T_cell,755,0.05,2455.0,3285.2,1640.7,0.7013091218476326,0.5599028542185226,0.0,0.3602698669125106,0.052997916712780736
Cytotoxic_T_cell,755,0.1,4912.000000000001,7005.0,3218.0,0.7100937807456407,0.5695032396410863,3.3876898603828404e-05,0.37029571707380576,0.056595282112980885
Cytotoxic_T_cell,755,0.25,11964.0,16862.0,6709.0,0.7249880295244417,0.583318592681878,0.00018308825270989384,0.3830446719285838,0.06423690403332086
Cytotoxic_T_cell,755,0.5,15213.0,21157.0,8062.0,0.7415782907049283,0.601723746881379,0.0007460759275732446,0.39300161812297735,0.07573419948572202
Cytotoxic_T_cell,755,0.75,17408.0,23857.0,8849.5,0.7637152953769702,0.6205693653268146,0.002265417264148315,0.4026816543179885,0.08741474012724326
Cytotoxic_T_cell,755,0.9,19248.6,26158.8,9534.2,0.7831065828301771,0.6421348654901287,0.006343355217059828,0.4104675156264618,0.09782436205262106
Cytotoxic_T_cell,755,0.95,20507.299999999996,27702.699999999997,10079.4,0.7961269626460316,0.6564529642208506,0.025367116624852436,0.4142655187490904,0.10273177474517883
Cytotoxic_T_cell,755,0.98,23166.12,30994.879999999972,10903.639999999998,0.8058441815442918,0.6686998497268914,0.04098041434989455,0.41924990149570324,0.11485055144313656
Cytotoxic_T_cell,755,0.99,30963.100000000137,42726.4400000002,13493.740000000042,0.8110210263773509,0.6759263137593855,0.061333271481544986,0.4229003454815198,0.11960381645489558
Cytotoxic_T_cell,755,1.0,40849.0,54273.0,16137.0,0.8402625820568927,0.687536231884058,0.1534610472541507,0.44801558315071827,0.3022113022113022
Dendritic cells,169,0.0,122.0,165.0,87.0,0.3317120622568093,0.2247081712062257,0.0,0.32244221937815254,0.04864940648658753
Dendritic cells,169,0.01,371.55999999999995,502.71999999999997,237.12,0.4877720823269346,0.3456346322052559,0.0,0.3280787317631895,0.05017848009847428
Dendritic cells,169,0.02,766.96,791.3599999999999,413.28,0.5374453853699085,0.3633831742384286,0.0,0.33951187931905796,0.05133585071101073
Dendritic cells,169,0.05,2448.0,3184.2000000000003,1638.8,0.6390810998226419,0.4152937314699203,0.0,0.3645637282399949,0.051809420693749574
Dendritic cells,169,0.1,4980.6,6423.2,3220.6,0.6476031389231319,0.4244548361476739,2.1760038857269173e-05,0.37609550592500435,0.052554326240359855
Dendritic cells,169,0.25,20232.0,26440.0,10938.0,0.668574335495358,0.43489452746297597,0.00011036309458117205,0.386882486705223,0.055504027337075906
Dendritic cells,169,0.5,25482.0,32179.0,13005.0,0.6855635130041462,0.4474413449104009,0.0004965892161731267,0.3940712461050445,0.05907647096955423
Dendritic cells,169,0.75,29668.0,36840.0,14354.0,0.7158536585365853,0.4675922088686283,0.0014675052410901468,0.4030229064964326,0.06507218271924155
Dendritic cells,169,0.9,33389.8,42620.4,15897.600000000002,0.7329838825393908,0.4859032040834253,0.007011665858243254,0.41023310739533525,0.0724087711610629
Dendritic cells,169,0.95,43340.2,56057.39999999999,19263.399999999998,0.7445933205036435,0.5089816656427262,0.017760714115933714,0.41676718039287425,0.07796543229845897
Dendritic cells,169,0.98,46857.19999999999,61291.63999999997,20090.879999999997,0.755735943266928,0.5180270925812078,0.030800421959308214,0.42331791392000045,0.08588738157114058
Dendritic cells,169,0.99,47932.919999999984,63132.2,20501.599999999995,0.7621684411608399,0.5305642155947332,0.0379957276118153,0.4292641246553803,0.09476591073638972
Dendritic cells,169,1.0,64136.0,63264.0,21702.0,0.7724957555178268,0.5655737704918032,0.05092402464065708,0.43214303337335724,0.10472279260780287
Memory_B_cells,377,0.0,251.0,344.0,177.0,0.2344546940297689,0.20668209588785663,0.0,0.14896629849900878,0.03389830508474576
Memory_B_cells,377,0.01,321.68,425.8,230.16,0.6063858458388711,0.4508510028490784,0.0,0.26794914628291344,0.054095901572964004
Memory_B_cells,377,0.02,849.2,1148.92,602.16,0.6349262092677495,0.470811593236723,1.4986454550694576e-05,0.2958042988728265,0.05579413410489716
Memory_B_cells,377,0.05,1914.4,2608.4,1338.0,0.661830460783498,0.4940691263258861,0.0002760065364330906,0.3258593674986468,0.0590440403503429
Memory_B_cells,377,0.1,5034.6,6901.000000000001,3328.8,0.6746778822745908,0.5074725513637037,0.0006046165414056386,0.3484150874832889,0.06144121276587947
Memory_B_cells,377,0.25,16409.0,21816.0,8969.0,0.6936142764996774,0.5257950204795435,0.0015257440848951336,0.3734073385465084,0.065666772175014
Memory_B_cells,377,0.5,21113.0,27753.0,10553.0,0.7095169463945326,0.5410797166354532,0.00421906249143859,0.3892844717615679,0.07304910766359501
Memory_B_cells,377,0.75,23390.0,30758.0,11443.0,0.7271976888155179,0.5592989289191821,0.0152976128426978,0.3982034743381742,0.08268890573666919
Memory_B_cells,377,0.9,25787.4,33706.8,12240.2,0.7426506184251844,0.57216986814483,0.05982737608321205,0.40716134405884247,0.09434810587106018
Memory_B_cells,377,0.95,28419.6,36988.99999999999,13124.8,0.7509121048654255,0.5778351854428828,0.09617571407868768,0.41116822132319986,0.10216415755563225
Memory_B_cells,377,0.98,43186.440000000024,51471.76000000007,16830.800000000003,0.7634417713434107,0.5859533999184889,0.15328886461777017,0.41477656887385916,0.12138038852262364
Memory_B_cells,377,0.99,49752.520000000004,58030.160000000025,17855.040000000005,0.7719680764072875,0.5961620283076438,0.19299907309551464,0.41948926666379205,0.13269886592449034
Memory_B_cells,377,1.0,103746.0,77233.0,24313.0,0.7802000755001888,0.611322912695387,0.44204533247394995,0.44049588507528326,0.19763864881492985
Monocytes_CD14,2470,0.0,155.0,219.0,117.0,0.18067283567593817,0.13663096554887097,0.0,0.20299727520435967,0.021220159151193633
Monocytes_CD14,2470,0.01,593.0500000000001,732.73,381.52,0.286360603909018,0.20828969395905195,0.0,0.32246649110362946,0.045583652906937694
Monocytes_CD14,2470,0.02,941.38,1188.94,620.52,0.38749713392711255,0.27387795259651465,0.0,0.3350860305673102,0.04745699738743071
Monocytes_CD14,2470,0.05,2150.75,2932.75,1503.5500000000002,0.5038787586663162,0.34960329926720235,0.0,0.35206304468427196,0.049614792200505124
Monocytes_CD14,2470,0.1,5857.400000000001,7574.1,3618.9,0.5693992541469421,0.3878120000106382,4.7203976379262334e-05,0.36381818947144523,0.05156581372494089
Monocytes_CD14,2470,0.25,13304.0,17382.0,7530.5,0.6560603864225224,0.4305484599756023,0.0002039498396875991,0.3793668869590783,0.0548489150512233
Monocytes_CD14,2470,0.5,18701.5,23932.5,9880.0,0.6948257769797127,0.44911578649428074,0.0006810929661774225,0.39087886832853624,0.05847371236503628
Monocytes_CD14,2470,0.75,22467.25,27940.75,11232.75,0.7255517741856004,0.46313272280663903,0.0016878226231934145,0.39970660537188396,0.06282363145431505
Monocytes_CD14,2470,0.9,27826.7,31707.3,12545.2,0.7477566833054403,0.47647462053470263,0.009782058562747921,0.4081478421868433,0.06901013210079474
Monocytes_CD14,2470,0.95,35706.54999999998,36235.39999999997,14085.899999999994,0.7578800012023927,0.48443090015440643,0.022314700074351816,0.4132109591159492,0.07396989664091476
Monocytes_CD14,2470,0.98,47317.99999999992,48235.419999999984,17419.579999999998,0.7687281174108468,0.4982569727369126,0.034237176231123025,0.4192686914189133,0.08032667701767701
Monocytes_CD14,2470,0.99,57366.23999999998,56734.509999999995,19472.239999999998,0.7772439410878262,0.507256013884634,0.047085663903203234,0.4231947406850753,0.0880454592182884
Monocytes_CD14,2470,1.0,194554.0,91230.0,29662.0,0.8133659331703341,0.569060773480663,0.2282016348773842,0.43487189846143487,0.16893342877594847
NK_cells,419,0.0,333.0,495.0,256.0,0.5340149029780524,0.4335226400613968,0.0,0.2857995735607676,0.045601647543395116
NK_cells,419,0.01,639.34,942.88,443.79999999999995,0.6109779222936857,0.47438247328027017,0.0,0.32763987626310587,0.05007036336455155
NK_cells,419,0.02,990.9599999999999,1354.6,636.24,0.6294550586395842,0.48812575390789315,0.0,0.3375494180062174,0.051242115328167685
NK_cells,419,0.05,2433.300000000001,3287.9000000000015,1652.8000000000006,0.6471274697256647,0.5038526038752029,0.0,0.358306648070318,0.05409208539613117
NK_cells,419,0.1,4986.6,6750.2,3214.4,0.6675753453156476,0.5254210340502995,0.0,0.3729603272766785,0.05760989810049224
NK_cells,419,0.25,11677.5,16197.0,6574.5,0.6882688633375134,0.5473265913397589,9.632210157747113e-05,0.3830579890946585,0.06235506883511367
NK_cells,419,0.5,16031.0,21423.0,8097.0,0.7112250596537544,0.5739644970414202,0.00042295679333680374,0.39452703512768256,0.06964856230031949
NK_cells,419,0.75,18667.0,24162.5,9044.0,0.7356768703792649,0.5991052242311175,0.0014880210440746619,0.40244114984241974,0.07678761039911222
NK_cells,419,0.9,21145.799999999996,27452.6,10103.6,0.7626391147776065,0.6213267222760956,0.006499189125972421,0.4101708566990364,0.08303719623194193
NK_cells,419,0.95,24254.199999999997,29860.99999999999,10967.099999999999,0.7770450482097508,0.6348384416001898,0.014366154396317714,0.41316008097739193,0.08684375023909534
NK_cells,419,0.98,31591.759999999987,37609.75999999996,13172.399999999996,0.7862376939801095,0.6459748615061052,0.028082198822135404,0.42095323344413954,0.09199851085816803
NK_cells,419,0.99,36324.439999999995,44447.81999999999,14165.939999999997,0.7943608259003543,0.6555400387099838,0.04084455244202446,0.42386572433692415,0.09880945126599405
NK_cells,419,1.0,39321.0,50124.0,15338.0,0.8148520540074691,0.6996996996996997,0.06656640292944484,0.43983402489626555,0.1373134328358209
Naοve_B_cells,277,0.0,303.0,419.0,220.0,0.42108287837116704,0.36164361068921635,0.0,0.2898791182744726,0.043153526970954356
Naοve_B_cells,277,0.01,651.6800000000001,907.36,471.68,0.597763599124672,0.46892334328875035,1.7598295743991115e-05,0.29817862655230815,0.052015586834073056
Naοve_B_cells,277,0.02,853.5200000000001,1149.92,574.8800000000001,0.6694415149893884,0.5047319087247707,3.0973607561691966e-05,0.31773822126454054,0.05261576293726695
Naοve_B_cells,277,0.05,2510.6,3464.2000000000003,1746.6000000000001,0.6965797220825661,0.532391134079008,0.00016177361056783561,0.33608055295200484,0.05486623076272664
Naοve_B_cells,277,0.1,6201.0,8725.2,4070.8,0.7046482055621542,0.5406608857430143,0.0003171811143640038,0.36131161234701875,0.05735567975558023
Naοve_B_cells,277,0.25,14372.0,19751.0,7972.0,0.7140462621521958,0.5524851964830433,0.001110881471530433,0.38193177672382345,0.06296508299942759
Naοve_B_cells,277,0.5,17974.0,24494.0,9303.0,0.7244813706264837,0.5645950447636894,0.0028106805862276652,0.39463795777168076,0.07068819454826332
Naοve_B_cells,277,0.75,20486.0,27614.0,10266.0,0.7396372379906957,0.5773189326556544,0.009937034917000572,0.40204532756819783,0.07953048550997366
Naοve_B_cells,277,0.9,22107.4,29543.4,10809.8,0.7614002885061871,0.5972048763793096,0.039868394225703936,0.4126576724212414,0.08833822070621866
Naοve_B_cells,277,0.95,22995.6,30888.0,11192.8,0.775304264687717,0.6083203250999936,0.08504911298489919,0.418979860780097,0.09845444369004508
Naοve_B_cells,277,0.98,26576.96000000001,33119.08,11852.000000000002,0.7853437170617024,0.6185845504703743,0.1192248916433119,0.4248926330782312,0.10534135432998991
Naοve_B_cells,277,0.99,31261.440000000024,38782.120000000046,13754.36,0.7877742847118209,0.6283222676748689,0.15150086794383924,0.4278044202969907,0.11523894750279443
Naοve_B_cells,277,1.0,42192.0,57188.0,16842.0,0.7935563456933459,0.6423487544483986,0.17990045034368335,0.43506915436739996,0.13217263892779418
Naοve_CD4_T_cells_helpers,1703,0.0,181.0,96.0,49.0,0.18305387882852672,0.1587860404737198,0.0,0.16512020244622522,0.036544850498338874
Naοve_CD4_T_cells_helpers,1703,0.01,458.24,675.0,348.06,0.30160837184024636,0.24888335527653918,0.0,0.30873732543647886,0.049834760724412154
Naοve_CD4_T_cells_helpers,1703,0.02,658.92,958.08,491.08,0.5554457541264923,0.44130491560355967,0.0,0.3240250235343264,0.0518523719394981
Naοve_CD4_T_cells_helpers,1703,0.05,1186.8000000000002,1691.8000000000004,843.2000000000003,0.6819718525081899,0.5486738837039831,6.337478850451439e-05,0.3447005722600974,0.05429140825395997
Naοve_CD4_T_cells_helpers,1703,0.1,3620.4000000000005,5188.0,2510.8,0.694185736999121,0.5604598671835125,0.00022352736027161436,0.35751101003663505,0.05729114798516066
Naοve_CD4_T_cells_helpers,1703,0.25,11959.5,16065.5,6572.5,0.709136625835619,0.577969294576558,0.000820685676224435,0.37663476861128553,0.06409340181696564
Naοve_CD4_T_cells_helpers,1703,0.5,15763.0,21309.0,8127.0,0.7244892184051163,0.5954653247729771,0.0021329684481648423,0.39030473571451413,0.07334156213221575
Naοve_CD4_T_cells_helpers,1703,0.75,18008.5,23935.0,8971.0,0.7411349426435634,0.6127344691673409,0.0060976447172113105,0.4005118221293807,0.08415846579075645
Naοve_CD4_T_cells_helpers,1703,0.9,20060.6,26111.399999999998,9658.8,0.7580539679577338,0.6295596055605864,0.03827781643085919,0.4082706875304974,0.09538674663828373
Naοve_CD4_T_cells_helpers,1703,0.95,23184.899999999994,28145.899999999998,10329.3,0.7705914590765224,0.6406128866175668,0.0638696663502343,0.4127809336354707,0.1026135285025696
Naοve_CD4_T_cells_helpers,1703,0.98,34917.72,43081.880000000005,13625.0,0.7836585942382354,0.6526670324779764,0.0860894374835705,0.41874241711650756,0.11306142595284652
Naοve_CD4_T_cells_helpers,1703,0.99,41077.78000000003,47940.98000000001,14406.26,0.7906431993415803,0.6618612217560863,0.12183157457471665,0.42298638339359973,0.12393906844462113
Naοve_CD4_T_cells_helpers,1703,1.0,238031.0,78803.0,27774.0,0.8333333333333334,0.7175572519083969,0.4293547026571067,0.4394419947912638,0.23566214807090718
Naοve_CD8_T_cells,1434,0.0,159.0,212.0,111.0,0.30030859692654144,0.2785295773473175,0.0,0.21264298615291993,0.03598971722365039
Naοve_CD8_T_cells,1434,0.01,559.32,742.63,366.66,0.6563019895032859,0.5294007976267656,0.0,0.31583133289320475,0.052151415151328644
Naοve_CD8_T_cells,1434,0.02,898.94,1266.58,614.18,0.6756652662962077,0.5392364993316571,6.656174184280079e-05,0.32786999629438823,0.053629498111415194
Naοve_CD8_T_cells,1434,0.05,1983.6,2729.5,1374.5,0.6850806735555701,0.5509310751563924,0.00020512927801332319,0.34474084446942144,0.05618939238807546
Naοve_CD8_T_cells,1434,0.1,5056.6,7065.2,3303.0000000000005,0.692937606688177,0.5589225875822481,0.0004484838645122288,0.35870872315911684,0.05888125669749206
Naοve_CD8_T_cells,1434,0.25,13711.5,18789.25,7479.0,0.7051287366613337,0.5707243673331224,0.0011891252043426453,0.378716466690739,0.06415492140575095
Naοve_CD8_T_cells,1434,0.5,17282.5,23234.5,8829.0,0.7181013761776889,0.5848694726823223,0.002703551484043791,0.39080494618954664,0.07167093425714116
Naοve_CD8_T_cells,1434,0.75,19279.0,25624.0,9518.5,0.7375592235013171,0.6016395940706228,0.006344351416787558,0.40008040613997176,0.08130503287574506
Naοve_CD8_T_cells,1434,0.9,20997.5,27675.100000000002,10156.5,0.7579977708415858,0.6223761898424606,0.035575929165300425,0.40717998570324065,0.0911941954944602
Naοve_CD8_T_cells,1434,0.95,22571.349999999995,29653.949999999993,10756.55,0.7688116883552712,0.633280536737551,0.06411649667606252,0.4122542428024972,0.09801299902030768
Naοve_CD8_T_cells,1434,0.98,33007.579999999994,43789.75999999999,13973.239999999998,0.7800315793871928,0.6498021770319871,0.08882023761219583,0.4191876531585116,0.1072778094131869
Naοve_CD8_T_cells,1434,0.99,36232.96000000002,48181.78000000006,14866.300000000007,0.7873630330897943,0.6557176647911074,0.10078148946078658,0.42403991001582225,0.11666492983290072
Naοve_CD8_T_cells,1434,1.0,95918.0,71104.0,18441.0,0.813151114596169,0.687016914977036,0.32281757977122216,0.4498714652956298,0.1799498746867168
Non_classical_Monocytes,343,0.0,100.0,166.0,86.0,0.4946401225114854,0.36447166921898927,0.0,0.16444444444444445,0.03243744207599629
Non_classical_Monocytes,343,0.01,585.3,686.3,351.74,0.6530972499253929,0.4118960005482292,0.0,0.31141654043417183,0.04562885242492596
Non_classical_Monocytes,343,0.02,728.88,992.8,516.0,0.6590670508644622,0.41871407917833825,0.0,0.3211319405784654,0.04693074502715772
Non_classical_Monocytes,343,0.05,2157.3,3026.6,1535.3,0.6760576254845272,0.42491236811286354,0.0,0.35552947153241854,0.04825590736445935
Non_classical_Monocytes,343,0.1,4933.800000000001,7097.8,3480.4,0.6899966051681806,0.43371028623145397,4.608085395699076e-05,0.3673684929170664,0.04955797142017383
Non_classical_Monocytes,343,0.25,12612.0,17484.5,7602.5,0.7111181792082126,0.4443474372853996,0.000260598554969274,0.3820202046819591,0.05223689708649373
Non_classical_Monocytes,343,0.5,16848.0,23323.0,9740.0,0.7303203040173725,0.45509188890424207,0.0006819288845591817,0.3926534492123846,0.05562857142857143
Non_classical_Monocytes,343,0.75,19763.5,26674.0,10874.5,0.7519520282134362,0.4709306258976179,0.0021275722894515733,0.4026468687436155,0.060413608954748815
Non_classical_Monocytes,343,0.9,22215.8,29562.0,11920.800000000001,0.7645333631010341,0.48440454215862916,0.01905558467932281,0.4100937300425817,0.06623097177069716
Non_classical_Monocytes,343,0.95,25075.19999999999,32497.599999999984,12663.0,0.772280043122777,0.4928812266332609,0.029082015903345363,0.41423010374316316,0.06957907519095706
Non_classical_Monocytes,343,0.98,35007.71999999999,47632.759999999966,16790.399999999983,0.78186013145859,0.5097958126529555,0.039526638775183275,0.4212018133493521,0.07247069854376956
Non_classical_Monocytes,343,0.99,38470.31999999999,49254.299999999996,17587.6,0.7923695640163001,0.5103696296442974,0.0447484175524569,0.42336802490706277,0.07644761103096227
Non_classical_Monocytes,343,1.0,46237.0,61339.0,20457.0,0.87,0.5355830270631473,0.05366479234487521,0.4320170640997594,0.08033631678871711
