tf_symbol	tf_symbol_original	catalogue_index	reference_name	reference_version
AC008770.3	AC008770.3	0	Lambert_human_TFs	v1.01
AC023509.3	AC023509.3	1	Lambert_human_TFs	v1.01
AC092835.1	AC092835.1	2	Lambert_human_TFs	v1.01
AC138696.1	AC138696.1	3	Lambert_human_TFs	v1.01
ADNP	ADNP	4	Lambert_human_TFs	v1.01
ADNP2	ADNP2	5	Lambert_human_TFs	v1.01
AEBP1	AEBP1	6	Lambert_human_TFs	v1.01
AEBP2	AEBP2	7	Lambert_human_TFs	v1.01
AHCTF1	AHCTF1	8	Lambert_human_TFs	v1.01
AHDC1	AHDC1	9	Lambert_human_TFs	v1.01
AHR	AHR	10	Lambert_human_TFs	v1.01
AHRR	AHRR	11	Lambert_human_TFs	v1.01
AIRE	AIRE	12	Lambert_human_TFs	v1.01
AKAP8	AKAP8	13	Lambert_human_TFs	v1.01
AKAP8L	AKAP8L	14	Lambert_human_TFs	v1.01
AKNA	AKNA	15	Lambert_human_TFs	v1.01
ALX1	ALX1	16	Lambert_human_TFs	v1.01
ALX3	ALX3	17	Lambert_human_TFs	v1.01
ALX4	ALX4	18	Lambert_human_TFs	v1.01
ANHX	ANHX	19	Lambert_human_TFs	v1.01
ANKZF1	ANKZF1	20	Lambert_human_TFs	v1.01
AR	AR	21	Lambert_human_TFs	v1.01
ARGFX	ARGFX	22	Lambert_human_TFs	v1.01
ARHGAP35	ARHGAP35	23	Lambert_human_TFs	v1.01
ARID2	ARID2	24	Lambert_human_TFs	v1.01
ARID3A	ARID3A	25	Lambert_human_TFs	v1.01
ARID3B	ARID3B	26	Lambert_human_TFs	v1.01
ARID3C	ARID3C	27	Lambert_human_TFs	v1.01
ARID5A	ARID5A	28	Lambert_human_TFs	v1.01
ARID5B	ARID5B	29	Lambert_human_TFs	v1.01
ARNT	ARNT	30	Lambert_human_TFs	v1.01
ARNT2	ARNT2	31	Lambert_human_TFs	v1.01
ARNTL	ARNTL	32	Lambert_human_TFs	v1.01
ARNTL2	ARNTL2	33	Lambert_human_TFs	v1.01
ARX	ARX	34	Lambert_human_TFs	v1.01
ASCL1	ASCL1	35	Lambert_human_TFs	v1.01
ASCL2	ASCL2	36	Lambert_human_TFs	v1.01
ASCL3	ASCL3	37	Lambert_human_TFs	v1.01
ASCL4	ASCL4	38	Lambert_human_TFs	v1.01
ASCL5	ASCL5	39	Lambert_human_TFs	v1.01
ASH1L	ASH1L	40	Lambert_human_TFs	v1.01
ATF1	ATF1	41	Lambert_human_TFs	v1.01
ATF2	ATF2	42	Lambert_human_TFs	v1.01
ATF3	ATF3	43	Lambert_human_TFs	v1.01
ATF4	ATF4	44	Lambert_human_TFs	v1.01
ATF5	ATF5	45	Lambert_human_TFs	v1.01
ATF6	ATF6	46	Lambert_human_TFs	v1.01
ATF6B	ATF6B	47	Lambert_human_TFs	v1.01
ATF7	ATF7	48	Lambert_human_TFs	v1.01
ATMIN	ATMIN	49	Lambert_human_TFs	v1.01
ATOH1	ATOH1	50	Lambert_human_TFs	v1.01
ATOH7	ATOH7	51	Lambert_human_TFs	v1.01
ATOH8	ATOH8	52	Lambert_human_TFs	v1.01
BACH1	BACH1	53	Lambert_human_TFs	v1.01
BACH2	BACH2	54	Lambert_human_TFs	v1.01
BARHL1	BARHL1	55	Lambert_human_TFs	v1.01
BARHL2	BARHL2	56	Lambert_human_TFs	v1.01
BARX1	BARX1	57	Lambert_human_TFs	v1.01
BARX2	BARX2	58	Lambert_human_TFs	v1.01
BATF	BATF	59	Lambert_human_TFs	v1.01
BATF2	BATF2	60	Lambert_human_TFs	v1.01
BATF3	BATF3	61	Lambert_human_TFs	v1.01
BAZ2A	BAZ2A	62	Lambert_human_TFs	v1.01
BAZ2B	BAZ2B	63	Lambert_human_TFs	v1.01
BBX	BBX	64	Lambert_human_TFs	v1.01
BCL11A	BCL11A	65	Lambert_human_TFs	v1.01
BCL11B	BCL11B	66	Lambert_human_TFs	v1.01
BCL6	BCL6	67	Lambert_human_TFs	v1.01
BCL6B	BCL6B	68	Lambert_human_TFs	v1.01
BHLHA15	BHLHA15	69	Lambert_human_TFs	v1.01
BHLHA9	BHLHA9	70	Lambert_human_TFs	v1.01
BHLHE22	BHLHE22	71	Lambert_human_TFs	v1.01
BHLHE23	BHLHE23	72	Lambert_human_TFs	v1.01
BHLHE40	BHLHE40	73	Lambert_human_TFs	v1.01
BHLHE41	BHLHE41	74	Lambert_human_TFs	v1.01
BNC1	BNC1	75	Lambert_human_TFs	v1.01
BNC2	BNC2	76	Lambert_human_TFs	v1.01
BORCS8-MEF2B	BORCS8-MEF2B	77	Lambert_human_TFs	v1.01
BPTF	BPTF	78	Lambert_human_TFs	v1.01
BRF2	BRF2	79	Lambert_human_TFs	v1.01
BSX	BSX	80	Lambert_human_TFs	v1.01
C11ORF95	C11orf95	81	Lambert_human_TFs	v1.01
CAMTA1	CAMTA1	82	Lambert_human_TFs	v1.01
CAMTA2	CAMTA2	83	Lambert_human_TFs	v1.01
CARF	CARF	84	Lambert_human_TFs	v1.01
CASZ1	CASZ1	85	Lambert_human_TFs	v1.01
CBX2	CBX2	86	Lambert_human_TFs	v1.01
CC2D1A	CC2D1A	87	Lambert_human_TFs	v1.01
CCDC169-SOHLH2	CCDC169-SOHLH2	88	Lambert_human_TFs	v1.01
CCDC17	CCDC17	89	Lambert_human_TFs	v1.01
CDC5L	CDC5L	90	Lambert_human_TFs	v1.01
CDX1	CDX1	91	Lambert_human_TFs	v1.01
CDX2	CDX2	92	Lambert_human_TFs	v1.01
CDX4	CDX4	93	Lambert_human_TFs	v1.01
CEBPA	CEBPA	94	Lambert_human_TFs	v1.01
CEBPB	CEBPB	95	Lambert_human_TFs	v1.01
CEBPD	CEBPD	96	Lambert_human_TFs	v1.01
CEBPE	CEBPE	97	Lambert_human_TFs	v1.01
CEBPG	CEBPG	98	Lambert_human_TFs	v1.01
CEBPZ	CEBPZ	99	Lambert_human_TFs	v1.01
CENPA	CENPA	100	Lambert_human_TFs	v1.01
CENPB	CENPB	101	Lambert_human_TFs	v1.01
CENPBD1	CENPBD1	102	Lambert_human_TFs	v1.01
CENPS	CENPS	103	Lambert_human_TFs	v1.01
CENPT	CENPT	104	Lambert_human_TFs	v1.01
CENPX	CENPX	105	Lambert_human_TFs	v1.01
CGGBP1	CGGBP1	106	Lambert_human_TFs	v1.01
CHAMP1	CHAMP1	107	Lambert_human_TFs	v1.01
CHCHD3	CHCHD3	108	Lambert_human_TFs	v1.01
CIC	CIC	109	Lambert_human_TFs	v1.01
CLOCK	CLOCK	110	Lambert_human_TFs	v1.01
CPEB1	CPEB1	111	Lambert_human_TFs	v1.01
CPXCR1	CPXCR1	112	Lambert_human_TFs	v1.01
CREB1	CREB1	113	Lambert_human_TFs	v1.01
CREB3	CREB3	114	Lambert_human_TFs	v1.01
CREB3L1	CREB3L1	115	Lambert_human_TFs	v1.01
CREB3L2	CREB3L2	116	Lambert_human_TFs	v1.01
CREB3L3	CREB3L3	117	Lambert_human_TFs	v1.01
CREB3L4	CREB3L4	118	Lambert_human_TFs	v1.01
CREB5	CREB5	119	Lambert_human_TFs	v1.01
CREBL2	CREBL2	120	Lambert_human_TFs	v1.01
CREBZF	CREBZF	121	Lambert_human_TFs	v1.01
CREM	CREM	122	Lambert_human_TFs	v1.01
CRX	CRX	123	Lambert_human_TFs	v1.01
CSRNP1	CSRNP1	124	Lambert_human_TFs	v1.01
CSRNP2	CSRNP2	125	Lambert_human_TFs	v1.01
CSRNP3	CSRNP3	126	Lambert_human_TFs	v1.01
CTCF	CTCF	127	Lambert_human_TFs	v1.01
CTCFL	CTCFL	128	Lambert_human_TFs	v1.01
CUX1	CUX1	129	Lambert_human_TFs	v1.01
CUX2	CUX2	130	Lambert_human_TFs	v1.01
CXXC1	CXXC1	131	Lambert_human_TFs	v1.01
CXXC4	CXXC4	132	Lambert_human_TFs	v1.01
CXXC5	CXXC5	133	Lambert_human_TFs	v1.01
DACH1	DACH1	134	Lambert_human_TFs	v1.01
DACH2	DACH2	135	Lambert_human_TFs	v1.01
DBP	DBP	136	Lambert_human_TFs	v1.01
DBX1	DBX1	137	Lambert_human_TFs	v1.01
DBX2	DBX2	138	Lambert_human_TFs	v1.01
DDIT3	DDIT3	139	Lambert_human_TFs	v1.01
DEAF1	DEAF1	140	Lambert_human_TFs	v1.01
DLX1	DLX1	141	Lambert_human_TFs	v1.01
DLX2	DLX2	142	Lambert_human_TFs	v1.01
DLX3	DLX3	143	Lambert_human_TFs	v1.01
DLX4	DLX4	144	Lambert_human_TFs	v1.01
DLX5	DLX5	145	Lambert_human_TFs	v1.01
DLX6	DLX6	146	Lambert_human_TFs	v1.01
DMBX1	DMBX1	147	Lambert_human_TFs	v1.01
DMRT1	DMRT1	148	Lambert_human_TFs	v1.01
DMRT2	DMRT2	149	Lambert_human_TFs	v1.01
DMRT3	DMRT3	150	Lambert_human_TFs	v1.01
DMRTA1	DMRTA1	151	Lambert_human_TFs	v1.01
DMRTA2	DMRTA2	152	Lambert_human_TFs	v1.01
DMRTB1	DMRTB1	153	Lambert_human_TFs	v1.01
DMRTC2	DMRTC2	154	Lambert_human_TFs	v1.01
DMTF1	DMTF1	155	Lambert_human_TFs	v1.01
DNMT1	DNMT1	156	Lambert_human_TFs	v1.01
DNTTIP1	DNTTIP1	157	Lambert_human_TFs	v1.01
DOT1L	DOT1L	158	Lambert_human_TFs	v1.01
DPF1	DPF1	159	Lambert_human_TFs	v1.01
DPF3	DPF3	160	Lambert_human_TFs	v1.01
DPRX	DPRX	161	Lambert_human_TFs	v1.01
DR1	DR1	162	Lambert_human_TFs	v1.01
DRAP1	DRAP1	163	Lambert_human_TFs	v1.01
DRGX	DRGX	164	Lambert_human_TFs	v1.01
DUX1	DUX1	165	Lambert_human_TFs	v1.01
DUX3	DUX3	166	Lambert_human_TFs	v1.01
DUX4	DUX4	167	Lambert_human_TFs	v1.01
DUXA	DUXA	168	Lambert_human_TFs	v1.01
DZIP1	DZIP1	169	Lambert_human_TFs	v1.01
E2F1	E2F1	170	Lambert_human_TFs	v1.01
E2F2	E2F2	171	Lambert_human_TFs	v1.01
E2F3	E2F3	172	Lambert_human_TFs	v1.01
E2F4	E2F4	173	Lambert_human_TFs	v1.01
E2F5	E2F5	174	Lambert_human_TFs	v1.01
E2F6	E2F6	175	Lambert_human_TFs	v1.01
E2F7	E2F7	176	Lambert_human_TFs	v1.01
E2F8	E2F8	177	Lambert_human_TFs	v1.01
E4F1	E4F1	178	Lambert_human_TFs	v1.01
EBF1	EBF1	179	Lambert_human_TFs	v1.01
EBF2	EBF2	180	Lambert_human_TFs	v1.01
EBF3	EBF3	181	Lambert_human_TFs	v1.01
EBF4	EBF4	182	Lambert_human_TFs	v1.01
EEA1	EEA1	183	Lambert_human_TFs	v1.01
EGR1	EGR1	184	Lambert_human_TFs	v1.01
EGR2	EGR2	185	Lambert_human_TFs	v1.01
EGR3	EGR3	186	Lambert_human_TFs	v1.01
EGR4	EGR4	187	Lambert_human_TFs	v1.01
EHF	EHF	188	Lambert_human_TFs	v1.01
ELF1	ELF1	189	Lambert_human_TFs	v1.01
ELF2	ELF2	190	Lambert_human_TFs	v1.01
ELF3	ELF3	191	Lambert_human_TFs	v1.01
ELF4	ELF4	192	Lambert_human_TFs	v1.01
ELF5	ELF5	193	Lambert_human_TFs	v1.01
ELK1	ELK1	194	Lambert_human_TFs	v1.01
ELK3	ELK3	195	Lambert_human_TFs	v1.01
ELK4	ELK4	196	Lambert_human_TFs	v1.01
EMX1	EMX1	197	Lambert_human_TFs	v1.01
EMX2	EMX2	198	Lambert_human_TFs	v1.01
EN1	EN1	199	Lambert_human_TFs	v1.01
EN2	EN2	200	Lambert_human_TFs	v1.01
EOMES	EOMES	201	Lambert_human_TFs	v1.01
EPAS1	EPAS1	202	Lambert_human_TFs	v1.01
ERF	ERF	203	Lambert_human_TFs	v1.01
ERG	ERG	204	Lambert_human_TFs	v1.01
ESR1	ESR1	205	Lambert_human_TFs	v1.01
ESR2	ESR2	206	Lambert_human_TFs	v1.01
ESRRA	ESRRA	207	Lambert_human_TFs	v1.01
ESRRB	ESRRB	208	Lambert_human_TFs	v1.01
ESRRG	ESRRG	209	Lambert_human_TFs	v1.01
ESX1	ESX1	210	Lambert_human_TFs	v1.01
ETS1	ETS1	211	Lambert_human_TFs	v1.01
ETS2	ETS2	212	Lambert_human_TFs	v1.01
ETV1	ETV1	213	Lambert_human_TFs	v1.01
ETV2	ETV2	214	Lambert_human_TFs	v1.01
ETV3	ETV3	215	Lambert_human_TFs	v1.01
ETV3L	ETV3L	216	Lambert_human_TFs	v1.01
ETV4	ETV4	217	Lambert_human_TFs	v1.01
ETV5	ETV5	218	Lambert_human_TFs	v1.01
ETV6	ETV6	219	Lambert_human_TFs	v1.01
ETV7	ETV7	220	Lambert_human_TFs	v1.01
EVX1	EVX1	221	Lambert_human_TFs	v1.01
EVX2	EVX2	222	Lambert_human_TFs	v1.01
FAM170A	FAM170A	223	Lambert_human_TFs	v1.01
FAM200B	FAM200B	224	Lambert_human_TFs	v1.01
FBXL19	FBXL19	225	Lambert_human_TFs	v1.01
FERD3L	FERD3L	226	Lambert_human_TFs	v1.01
FEV	FEV	227	Lambert_human_TFs	v1.01
FEZF1	FEZF1	228	Lambert_human_TFs	v1.01
FEZF2	FEZF2	229	Lambert_human_TFs	v1.01
FIGLA	FIGLA	230	Lambert_human_TFs	v1.01
FIZ1	FIZ1	231	Lambert_human_TFs	v1.01
FLI1	FLI1	232	Lambert_human_TFs	v1.01
FLYWCH1	FLYWCH1	233	Lambert_human_TFs	v1.01
FOS	FOS	234	Lambert_human_TFs	v1.01
FOSB	FOSB	235	Lambert_human_TFs	v1.01
FOSL1	FOSL1	236	Lambert_human_TFs	v1.01
FOSL2	FOSL2	237	Lambert_human_TFs	v1.01
FOXA1	FOXA1	238	Lambert_human_TFs	v1.01
FOXA2	FOXA2	239	Lambert_human_TFs	v1.01
FOXA3	FOXA3	240	Lambert_human_TFs	v1.01
FOXB1	FOXB1	241	Lambert_human_TFs	v1.01
FOXB2	FOXB2	242	Lambert_human_TFs	v1.01
FOXC1	FOXC1	243	Lambert_human_TFs	v1.01
FOXC2	FOXC2	244	Lambert_human_TFs	v1.01
FOXD1	FOXD1	245	Lambert_human_TFs	v1.01
FOXD2	FOXD2	246	Lambert_human_TFs	v1.01
FOXD3	FOXD3	247	Lambert_human_TFs	v1.01
FOXD4	FOXD4	248	Lambert_human_TFs	v1.01
FOXD4L1	FOXD4L1	249	Lambert_human_TFs	v1.01
FOXD4L3	FOXD4L3	250	Lambert_human_TFs	v1.01
FOXD4L4	FOXD4L4	251	Lambert_human_TFs	v1.01
FOXD4L5	FOXD4L5	252	Lambert_human_TFs	v1.01
FOXD4L6	FOXD4L6	253	Lambert_human_TFs	v1.01
FOXE1	FOXE1	254	Lambert_human_TFs	v1.01
FOXE3	FOXE3	255	Lambert_human_TFs	v1.01
FOXF1	FOXF1	256	Lambert_human_TFs	v1.01
FOXF2	FOXF2	257	Lambert_human_TFs	v1.01
FOXG1	FOXG1	258	Lambert_human_TFs	v1.01
FOXH1	FOXH1	259	Lambert_human_TFs	v1.01
FOXI1	FOXI1	260	Lambert_human_TFs	v1.01
FOXI2	FOXI2	261	Lambert_human_TFs	v1.01
FOXI3	FOXI3	262	Lambert_human_TFs	v1.01
FOXJ1	FOXJ1	263	Lambert_human_TFs	v1.01
FOXJ2	FOXJ2	264	Lambert_human_TFs	v1.01
FOXJ3	FOXJ3	265	Lambert_human_TFs	v1.01
FOXK1	FOXK1	266	Lambert_human_TFs	v1.01
FOXK2	FOXK2	267	Lambert_human_TFs	v1.01
FOXL1	FOXL1	268	Lambert_human_TFs	v1.01
FOXL2	FOXL2	269	Lambert_human_TFs	v1.01
FOXM1	FOXM1	270	Lambert_human_TFs	v1.01
FOXN1	FOXN1	271	Lambert_human_TFs	v1.01
FOXN2	FOXN2	272	Lambert_human_TFs	v1.01
FOXN3	FOXN3	273	Lambert_human_TFs	v1.01
FOXN4	FOXN4	274	Lambert_human_TFs	v1.01
FOXO1	FOXO1	275	Lambert_human_TFs	v1.01
FOXO3	FOXO3	276	Lambert_human_TFs	v1.01
FOXO4	FOXO4	277	Lambert_human_TFs	v1.01
FOXO6	FOXO6	278	Lambert_human_TFs	v1.01
FOXP1	FOXP1	279	Lambert_human_TFs	v1.01
FOXP2	FOXP2	280	Lambert_human_TFs	v1.01
FOXP3	FOXP3	281	Lambert_human_TFs	v1.01
FOXP4	FOXP4	282	Lambert_human_TFs	v1.01
FOXQ1	FOXQ1	283	Lambert_human_TFs	v1.01
FOXR1	FOXR1	284	Lambert_human_TFs	v1.01
FOXR2	FOXR2	285	Lambert_human_TFs	v1.01
FOXS1	FOXS1	286	Lambert_human_TFs	v1.01
GABPA	GABPA	287	Lambert_human_TFs	v1.01
GATA1	GATA1	288	Lambert_human_TFs	v1.01
GATA2	GATA2	289	Lambert_human_TFs	v1.01
GATA3	GATA3	290	Lambert_human_TFs	v1.01
GATA4	GATA4	291	Lambert_human_TFs	v1.01
GATA5	GATA5	292	Lambert_human_TFs	v1.01
GATA6	GATA6	293	Lambert_human_TFs	v1.01
GATAD2A	GATAD2A	294	Lambert_human_TFs	v1.01
GATAD2B	GATAD2B	295	Lambert_human_TFs	v1.01
GBX1	GBX1	296	Lambert_human_TFs	v1.01
GBX2	GBX2	297	Lambert_human_TFs	v1.01
GCM1	GCM1	298	Lambert_human_TFs	v1.01
GCM2	GCM2	299	Lambert_human_TFs	v1.01
GFI1	GFI1	300	Lambert_human_TFs	v1.01
GFI1B	GFI1B	301	Lambert_human_TFs	v1.01
GLI1	GLI1	302	Lambert_human_TFs	v1.01
GLI2	GLI2	303	Lambert_human_TFs	v1.01
GLI3	GLI3	304	Lambert_human_TFs	v1.01
GLI4	GLI4	305	Lambert_human_TFs	v1.01
GLIS1	GLIS1	306	Lambert_human_TFs	v1.01
GLIS2	GLIS2	307	Lambert_human_TFs	v1.01
GLIS3	GLIS3	308	Lambert_human_TFs	v1.01
GLMP	GLMP	309	Lambert_human_TFs	v1.01
GLYR1	GLYR1	310	Lambert_human_TFs	v1.01
GMEB1	GMEB1	311	Lambert_human_TFs	v1.01
GMEB2	GMEB2	312	Lambert_human_TFs	v1.01
GPBP1	GPBP1	313	Lambert_human_TFs	v1.01
GPBP1L1	GPBP1L1	314	Lambert_human_TFs	v1.01
GRHL1	GRHL1	315	Lambert_human_TFs	v1.01
GRHL2	GRHL2	316	Lambert_human_TFs	v1.01
GRHL3	GRHL3	317	Lambert_human_TFs	v1.01
GSC	GSC	318	Lambert_human_TFs	v1.01
GSC2	GSC2	319	Lambert_human_TFs	v1.01
GSX1	GSX1	320	Lambert_human_TFs	v1.01
GSX2	GSX2	321	Lambert_human_TFs	v1.01
GTF2B	GTF2B	322	Lambert_human_TFs	v1.01
GTF2I	GTF2I	323	Lambert_human_TFs	v1.01
GTF2IRD1	GTF2IRD1	324	Lambert_human_TFs	v1.01
GTF2IRD2	GTF2IRD2	325	Lambert_human_TFs	v1.01
GTF2IRD2B	GTF2IRD2B	326	Lambert_human_TFs	v1.01
GTF3A	GTF3A	327	Lambert_human_TFs	v1.01
GZF1	GZF1	328	Lambert_human_TFs	v1.01
HAND1	HAND1	329	Lambert_human_TFs	v1.01
HAND2	HAND2	330	Lambert_human_TFs	v1.01
HBP1	HBP1	331	Lambert_human_TFs	v1.01
HDX	HDX	332	Lambert_human_TFs	v1.01
HELT	HELT	333	Lambert_human_TFs	v1.01
HES1	HES1	334	Lambert_human_TFs	v1.01
HES2	HES2	335	Lambert_human_TFs	v1.01
HES3	HES3	336	Lambert_human_TFs	v1.01
HES4	HES4	337	Lambert_human_TFs	v1.01
HES5	HES5	338	Lambert_human_TFs	v1.01
HES6	HES6	339	Lambert_human_TFs	v1.01
HES7	HES7	340	Lambert_human_TFs	v1.01
HESX1	HESX1	341	Lambert_human_TFs	v1.01
HEY1	HEY1	342	Lambert_human_TFs	v1.01
HEY2	HEY2	343	Lambert_human_TFs	v1.01
HEYL	HEYL	344	Lambert_human_TFs	v1.01
HHEX	HHEX	345	Lambert_human_TFs	v1.01
HIC1	HIC1	346	Lambert_human_TFs	v1.01
HIC2	HIC2	347	Lambert_human_TFs	v1.01
HIF1A	HIF1A	348	Lambert_human_TFs	v1.01
HIF3A	HIF3A	349	Lambert_human_TFs	v1.01
HINFP	HINFP	350	Lambert_human_TFs	v1.01
HIVEP1	HIVEP1	351	Lambert_human_TFs	v1.01
HIVEP2	HIVEP2	352	Lambert_human_TFs	v1.01
HIVEP3	HIVEP3	353	Lambert_human_TFs	v1.01
HKR1	HKR1	354	Lambert_human_TFs	v1.01
HLF	HLF	355	Lambert_human_TFs	v1.01
HLX	HLX	356	Lambert_human_TFs	v1.01
HMBOX1	HMBOX1	357	Lambert_human_TFs	v1.01
HMG20A	HMG20A	358	Lambert_human_TFs	v1.01
HMG20B	HMG20B	359	Lambert_human_TFs	v1.01
HMGA1	HMGA1	360	Lambert_human_TFs	v1.01
HMGA2	HMGA2	361	Lambert_human_TFs	v1.01
HMGN3	HMGN3	362	Lambert_human_TFs	v1.01
HMX1	HMX1	363	Lambert_human_TFs	v1.01
HMX2	HMX2	364	Lambert_human_TFs	v1.01
HMX3	HMX3	365	Lambert_human_TFs	v1.01
HNF1A	HNF1A	366	Lambert_human_TFs	v1.01
HNF1B	HNF1B	367	Lambert_human_TFs	v1.01
HNF4A	HNF4A	368	Lambert_human_TFs	v1.01
HNF4G	HNF4G	369	Lambert_human_TFs	v1.01
HOMEZ	HOMEZ	370	Lambert_human_TFs	v1.01
HOXA1	HOXA1	371	Lambert_human_TFs	v1.01
HOXA10	HOXA10	372	Lambert_human_TFs	v1.01
HOXA11	HOXA11	373	Lambert_human_TFs	v1.01
HOXA13	HOXA13	374	Lambert_human_TFs	v1.01
HOXA2	HOXA2	375	Lambert_human_TFs	v1.01
HOXA3	HOXA3	376	Lambert_human_TFs	v1.01
HOXA4	HOXA4	377	Lambert_human_TFs	v1.01
HOXA5	HOXA5	378	Lambert_human_TFs	v1.01
HOXA6	HOXA6	379	Lambert_human_TFs	v1.01
HOXA7	HOXA7	380	Lambert_human_TFs	v1.01
HOXA9	HOXA9	381	Lambert_human_TFs	v1.01
HOXB1	HOXB1	382	Lambert_human_TFs	v1.01
HOXB13	HOXB13	383	Lambert_human_TFs	v1.01
HOXB2	HOXB2	384	Lambert_human_TFs	v1.01
HOXB3	HOXB3	385	Lambert_human_TFs	v1.01
HOXB4	HOXB4	386	Lambert_human_TFs	v1.01
HOXB5	HOXB5	387	Lambert_human_TFs	v1.01
HOXB6	HOXB6	388	Lambert_human_TFs	v1.01
HOXB7	HOXB7	389	Lambert_human_TFs	v1.01
HOXB8	HOXB8	390	Lambert_human_TFs	v1.01
HOXB9	HOXB9	391	Lambert_human_TFs	v1.01
HOXC10	HOXC10	392	Lambert_human_TFs	v1.01
HOXC11	HOXC11	393	Lambert_human_TFs	v1.01
HOXC12	HOXC12	394	Lambert_human_TFs	v1.01
HOXC13	HOXC13	395	Lambert_human_TFs	v1.01
HOXC4	HOXC4	396	Lambert_human_TFs	v1.01
HOXC5	HOXC5	397	Lambert_human_TFs	v1.01
HOXC6	HOXC6	398	Lambert_human_TFs	v1.01
HOXC8	HOXC8	399	Lambert_human_TFs	v1.01
HOXC9	HOXC9	400	Lambert_human_TFs	v1.01
HOXD1	HOXD1	401	Lambert_human_TFs	v1.01
HOXD10	HOXD10	402	Lambert_human_TFs	v1.01
HOXD11	HOXD11	403	Lambert_human_TFs	v1.01
HOXD12	HOXD12	404	Lambert_human_TFs	v1.01
HOXD13	HOXD13	405	Lambert_human_TFs	v1.01
HOXD3	HOXD3	406	Lambert_human_TFs	v1.01
HOXD4	HOXD4	407	Lambert_human_TFs	v1.01
HOXD8	HOXD8	408	Lambert_human_TFs	v1.01
HOXD9	HOXD9	409	Lambert_human_TFs	v1.01
HSF1	HSF1	410	Lambert_human_TFs	v1.01
HSF2	HSF2	411	Lambert_human_TFs	v1.01
HSF4	HSF4	412	Lambert_human_TFs	v1.01
HSF5	HSF5	413	Lambert_human_TFs	v1.01
HSFX1	HSFX1	414	Lambert_human_TFs	v1.01
HSFX2	HSFX2	415	Lambert_human_TFs	v1.01
HSFY1	HSFY1	416	Lambert_human_TFs	v1.01
HSFY2	HSFY2	417	Lambert_human_TFs	v1.01
IKZF1	IKZF1	418	Lambert_human_TFs	v1.01
IKZF2	IKZF2	419	Lambert_human_TFs	v1.01
IKZF3	IKZF3	420	Lambert_human_TFs	v1.01
IKZF4	IKZF4	421	Lambert_human_TFs	v1.01
IKZF5	IKZF5	422	Lambert_human_TFs	v1.01
INSM1	INSM1	423	Lambert_human_TFs	v1.01
INSM2	INSM2	424	Lambert_human_TFs	v1.01
IRF1	IRF1	425	Lambert_human_TFs	v1.01
IRF2	IRF2	426	Lambert_human_TFs	v1.01
IRF3	IRF3	427	Lambert_human_TFs	v1.01
IRF4	IRF4	428	Lambert_human_TFs	v1.01
IRF5	IRF5	429	Lambert_human_TFs	v1.01
IRF6	IRF6	430	Lambert_human_TFs	v1.01
IRF7	IRF7	431	Lambert_human_TFs	v1.01
IRF8	IRF8	432	Lambert_human_TFs	v1.01
IRF9	IRF9	433	Lambert_human_TFs	v1.01
IRX1	IRX1	434	Lambert_human_TFs	v1.01
IRX2	IRX2	435	Lambert_human_TFs	v1.01
IRX3	IRX3	436	Lambert_human_TFs	v1.01
IRX4	IRX4	437	Lambert_human_TFs	v1.01
IRX5	IRX5	438	Lambert_human_TFs	v1.01
IRX6	IRX6	439	Lambert_human_TFs	v1.01
ISL1	ISL1	440	Lambert_human_TFs	v1.01
ISL2	ISL2	441	Lambert_human_TFs	v1.01
ISX	ISX	442	Lambert_human_TFs	v1.01
JAZF1	JAZF1	443	Lambert_human_TFs	v1.01
JDP2	JDP2	444	Lambert_human_TFs	v1.01
JRK	JRK	445	Lambert_human_TFs	v1.01
JRKL	JRKL	446	Lambert_human_TFs	v1.01
JUN	JUN	447	Lambert_human_TFs	v1.01
JUNB	JUNB	448	Lambert_human_TFs	v1.01
JUND	JUND	449	Lambert_human_TFs	v1.01
KAT7	KAT7	450	Lambert_human_TFs	v1.01
KCMF1	KCMF1	451	Lambert_human_TFs	v1.01
KCNIP3	KCNIP3	452	Lambert_human_TFs	v1.01
KDM2A	KDM2A	453	Lambert_human_TFs	v1.01
KDM2B	KDM2B	454	Lambert_human_TFs	v1.01
KDM5B	KDM5B	455	Lambert_human_TFs	v1.01
KIN	KIN	456	Lambert_human_TFs	v1.01
KLF1	KLF1	457	Lambert_human_TFs	v1.01
KLF10	KLF10	458	Lambert_human_TFs	v1.01
KLF11	KLF11	459	Lambert_human_TFs	v1.01
KLF12	KLF12	460	Lambert_human_TFs	v1.01
KLF13	KLF13	461	Lambert_human_TFs	v1.01
KLF14	KLF14	462	Lambert_human_TFs	v1.01
KLF15	KLF15	463	Lambert_human_TFs	v1.01
KLF16	KLF16	464	Lambert_human_TFs	v1.01
KLF17	KLF17	465	Lambert_human_TFs	v1.01
KLF2	KLF2	466	Lambert_human_TFs	v1.01
KLF3	KLF3	467	Lambert_human_TFs	v1.01
KLF4	KLF4	468	Lambert_human_TFs	v1.01
KLF5	KLF5	469	Lambert_human_TFs	v1.01
KLF6	KLF6	470	Lambert_human_TFs	v1.01
KLF7	KLF7	471	Lambert_human_TFs	v1.01
KLF8	KLF8	472	Lambert_human_TFs	v1.01
KLF9	KLF9	473	Lambert_human_TFs	v1.01
KMT2A	KMT2A	474	Lambert_human_TFs	v1.01
KMT2B	KMT2B	475	Lambert_human_TFs	v1.01
L3MBTL1	L3MBTL1	476	Lambert_human_TFs	v1.01
L3MBTL3	L3MBTL3	477	Lambert_human_TFs	v1.01
L3MBTL4	L3MBTL4	478	Lambert_human_TFs	v1.01
LBX1	LBX1	479	Lambert_human_TFs	v1.01
LBX2	LBX2	480	Lambert_human_TFs	v1.01
LCOR	LCOR	481	Lambert_human_TFs	v1.01
LCORL	LCORL	482	Lambert_human_TFs	v1.01
LEF1	LEF1	483	Lambert_human_TFs	v1.01
LEUTX	LEUTX	484	Lambert_human_TFs	v1.01
LHX1	LHX1	485	Lambert_human_TFs	v1.01
LHX2	LHX2	486	Lambert_human_TFs	v1.01
LHX3	LHX3	487	Lambert_human_TFs	v1.01
LHX4	LHX4	488	Lambert_human_TFs	v1.01
LHX5	LHX5	489	Lambert_human_TFs	v1.01
LHX6	LHX6	490	Lambert_human_TFs	v1.01
LHX8	LHX8	491	Lambert_human_TFs	v1.01
LHX9	LHX9	492	Lambert_human_TFs	v1.01
LIN28A	LIN28A	493	Lambert_human_TFs	v1.01
LIN28B	LIN28B	494	Lambert_human_TFs	v1.01
LIN54	LIN54	495	Lambert_human_TFs	v1.01
LMX1A	LMX1A	496	Lambert_human_TFs	v1.01
LMX1B	LMX1B	497	Lambert_human_TFs	v1.01
LTF	LTF	498	Lambert_human_TFs	v1.01
LYL1	LYL1	499	Lambert_human_TFs	v1.01
MAF	MAF	500	Lambert_human_TFs	v1.01
MAFA	MAFA	501	Lambert_human_TFs	v1.01
MAFB	MAFB	502	Lambert_human_TFs	v1.01
MAFF	MAFF	503	Lambert_human_TFs	v1.01
MAFG	MAFG	504	Lambert_human_TFs	v1.01
MAFK	MAFK	505	Lambert_human_TFs	v1.01
MAX	MAX	506	Lambert_human_TFs	v1.01
MAZ	MAZ	507	Lambert_human_TFs	v1.01
MBD1	MBD1	508	Lambert_human_TFs	v1.01
MBD2	MBD2	509	Lambert_human_TFs	v1.01
MBD3	MBD3	510	Lambert_human_TFs	v1.01
MBD4	MBD4	511	Lambert_human_TFs	v1.01
MBD6	MBD6	512	Lambert_human_TFs	v1.01
MBNL2	MBNL2	513	Lambert_human_TFs	v1.01
MECOM	MECOM	514	Lambert_human_TFs	v1.01
MECP2	MECP2	515	Lambert_human_TFs	v1.01
MEF2A	MEF2A	516	Lambert_human_TFs	v1.01
MEF2B	MEF2B	517	Lambert_human_TFs	v1.01
MEF2C	MEF2C	518	Lambert_human_TFs	v1.01
MEF2D	MEF2D	519	Lambert_human_TFs	v1.01
MEIS1	MEIS1	520	Lambert_human_TFs	v1.01
MEIS2	MEIS2	521	Lambert_human_TFs	v1.01
MEIS3	MEIS3	522	Lambert_human_TFs	v1.01
MEOX1	MEOX1	523	Lambert_human_TFs	v1.01
MEOX2	MEOX2	524	Lambert_human_TFs	v1.01
MESP1	MESP1	525	Lambert_human_TFs	v1.01
MESP2	MESP2	526	Lambert_human_TFs	v1.01
MGA	MGA	527	Lambert_human_TFs	v1.01
MITF	MITF	528	Lambert_human_TFs	v1.01
MIXL1	MIXL1	529	Lambert_human_TFs	v1.01
MKX	MKX	530	Lambert_human_TFs	v1.01
MLX	MLX	531	Lambert_human_TFs	v1.01
MLXIP	MLXIP	532	Lambert_human_TFs	v1.01
MLXIPL	MLXIPL	533	Lambert_human_TFs	v1.01
MNT	MNT	534	Lambert_human_TFs	v1.01
MNX1	MNX1	535	Lambert_human_TFs	v1.01
MSANTD1	MSANTD1	536	Lambert_human_TFs	v1.01
MSANTD3	MSANTD3	537	Lambert_human_TFs	v1.01
MSANTD4	MSANTD4	538	Lambert_human_TFs	v1.01
MSC	MSC	539	Lambert_human_TFs	v1.01
MSGN1	MSGN1	540	Lambert_human_TFs	v1.01
MSX1	MSX1	541	Lambert_human_TFs	v1.01
MSX2	MSX2	542	Lambert_human_TFs	v1.01
MTERF1	MTERF1	543	Lambert_human_TFs	v1.01
MTERF2	MTERF2	544	Lambert_human_TFs	v1.01
MTERF3	MTERF3	545	Lambert_human_TFs	v1.01
MTERF4	MTERF4	546	Lambert_human_TFs	v1.01
MTF1	MTF1	547	Lambert_human_TFs	v1.01
MTF2	MTF2	548	Lambert_human_TFs	v1.01
MXD1	MXD1	549	Lambert_human_TFs	v1.01
MXD3	MXD3	550	Lambert_human_TFs	v1.01
MXD4	MXD4	551	Lambert_human_TFs	v1.01
MXI1	MXI1	552	Lambert_human_TFs	v1.01
MYB	MYB	553	Lambert_human_TFs	v1.01
MYBL1	MYBL1	554	Lambert_human_TFs	v1.01
MYBL2	MYBL2	555	Lambert_human_TFs	v1.01
MYC	MYC	556	Lambert_human_TFs	v1.01
MYCL	MYCL	557	Lambert_human_TFs	v1.01
MYCN	MYCN	558	Lambert_human_TFs	v1.01
MYF5	MYF5	559	Lambert_human_TFs	v1.01
MYF6	MYF6	560	Lambert_human_TFs	v1.01
MYNN	MYNN	561	Lambert_human_TFs	v1.01
MYOD1	MYOD1	562	Lambert_human_TFs	v1.01
MYOG	MYOG	563	Lambert_human_TFs	v1.01
MYPOP	MYPOP	564	Lambert_human_TFs	v1.01
MYRF	MYRF	565	Lambert_human_TFs	v1.01
MYRFL	MYRFL	566	Lambert_human_TFs	v1.01
MYSM1	MYSM1	567	Lambert_human_TFs	v1.01
MYT1	MYT1	568	Lambert_human_TFs	v1.01
MYT1L	MYT1L	569	Lambert_human_TFs	v1.01
MZF1	MZF1	570	Lambert_human_TFs	v1.01
NACC2	NACC2	571	Lambert_human_TFs	v1.01
NAIF1	NAIF1	572	Lambert_human_TFs	v1.01
NANOG	NANOG	573	Lambert_human_TFs	v1.01
NANOGNB	NANOGNB	574	Lambert_human_TFs	v1.01
NANOGP8	NANOGP8	575	Lambert_human_TFs	v1.01
NCOA1	NCOA1	576	Lambert_human_TFs	v1.01
NCOA2	NCOA2	577	Lambert_human_TFs	v1.01
NCOA3	NCOA3	578	Lambert_human_TFs	v1.01
NEUROD1	NEUROD1	579	Lambert_human_TFs	v1.01
NEUROD2	NEUROD2	580	Lambert_human_TFs	v1.01
NEUROD4	NEUROD4	581	Lambert_human_TFs	v1.01
NEUROD6	NEUROD6	582	Lambert_human_TFs	v1.01
NEUROG1	NEUROG1	583	Lambert_human_TFs	v1.01
NEUROG2	NEUROG2	584	Lambert_human_TFs	v1.01
NEUROG3	NEUROG3	585	Lambert_human_TFs	v1.01
NFAT5	NFAT5	586	Lambert_human_TFs	v1.01
NFATC1	NFATC1	587	Lambert_human_TFs	v1.01
NFATC2	NFATC2	588	Lambert_human_TFs	v1.01
NFATC3	NFATC3	589	Lambert_human_TFs	v1.01
NFATC4	NFATC4	590	Lambert_human_TFs	v1.01
NFE2	NFE2	591	Lambert_human_TFs	v1.01
NFE2L1	NFE2L1	592	Lambert_human_TFs	v1.01
NFE2L2	NFE2L2	593	Lambert_human_TFs	v1.01
NFE2L3	NFE2L3	594	Lambert_human_TFs	v1.01
NFE4	NFE4	595	Lambert_human_TFs	v1.01
NFIA	NFIA	596	Lambert_human_TFs	v1.01
NFIB	NFIB	597	Lambert_human_TFs	v1.01
NFIC	NFIC	598	Lambert_human_TFs	v1.01
NFIL3	NFIL3	599	Lambert_human_TFs	v1.01
NFIX	NFIX	600	Lambert_human_TFs	v1.01
NFKB1	NFKB1	601	Lambert_human_TFs	v1.01
NFKB2	NFKB2	602	Lambert_human_TFs	v1.01
NFX1	NFX1	603	Lambert_human_TFs	v1.01
NFXL1	NFXL1	604	Lambert_human_TFs	v1.01
NFYA	NFYA	605	Lambert_human_TFs	v1.01
NFYB	NFYB	606	Lambert_human_TFs	v1.01
NFYC	NFYC	607	Lambert_human_TFs	v1.01
NHLH1	NHLH1	608	Lambert_human_TFs	v1.01
NHLH2	NHLH2	609	Lambert_human_TFs	v1.01
NKRF	NKRF	610	Lambert_human_TFs	v1.01
NKX1-1	NKX1-1	611	Lambert_human_TFs	v1.01
NKX1-2	NKX1-2	612	Lambert_human_TFs	v1.01
NKX2-1	NKX2-1	613	Lambert_human_TFs	v1.01
NKX2-2	NKX2-2	614	Lambert_human_TFs	v1.01
NKX2-3	NKX2-3	615	Lambert_human_TFs	v1.01
NKX2-4	NKX2-4	616	Lambert_human_TFs	v1.01
NKX2-5	NKX2-5	617	Lambert_human_TFs	v1.01
NKX2-6	NKX2-6	618	Lambert_human_TFs	v1.01
NKX2-8	NKX2-8	619	Lambert_human_TFs	v1.01
NKX3-1	NKX3-1	620	Lambert_human_TFs	v1.01
NKX3-2	NKX3-2	621	Lambert_human_TFs	v1.01
NKX6-1	NKX6-1	622	Lambert_human_TFs	v1.01
NKX6-2	NKX6-2	623	Lambert_human_TFs	v1.01
NKX6-3	NKX6-3	624	Lambert_human_TFs	v1.01
NME2	NME2	625	Lambert_human_TFs	v1.01
NOBOX	NOBOX	626	Lambert_human_TFs	v1.01
NOTO	NOTO	627	Lambert_human_TFs	v1.01
NPAS1	NPAS1	628	Lambert_human_TFs	v1.01
NPAS2	NPAS2	629	Lambert_human_TFs	v1.01
NPAS3	NPAS3	630	Lambert_human_TFs	v1.01
NPAS4	NPAS4	631	Lambert_human_TFs	v1.01
NR0B1	NR0B1	632	Lambert_human_TFs	v1.01
NR1D1	NR1D1	633	Lambert_human_TFs	v1.01
NR1D2	NR1D2	634	Lambert_human_TFs	v1.01
NR1H2	NR1H2	635	Lambert_human_TFs	v1.01
NR1H3	NR1H3	636	Lambert_human_TFs	v1.01
NR1H4	NR1H4	637	Lambert_human_TFs	v1.01
NR1I2	NR1I2	638	Lambert_human_TFs	v1.01
NR1I3	NR1I3	639	Lambert_human_TFs	v1.01
NR2C1	NR2C1	640	Lambert_human_TFs	v1.01
NR2C2	NR2C2	641	Lambert_human_TFs	v1.01
NR2E1	NR2E1	642	Lambert_human_TFs	v1.01
NR2E3	NR2E3	643	Lambert_human_TFs	v1.01
NR2F1	NR2F1	644	Lambert_human_TFs	v1.01
NR2F2	NR2F2	645	Lambert_human_TFs	v1.01
NR2F6	NR2F6	646	Lambert_human_TFs	v1.01
NR3C1	NR3C1	647	Lambert_human_TFs	v1.01
NR3C2	NR3C2	648	Lambert_human_TFs	v1.01
NR4A1	NR4A1	649	Lambert_human_TFs	v1.01
NR4A2	NR4A2	650	Lambert_human_TFs	v1.01
NR4A3	NR4A3	651	Lambert_human_TFs	v1.01
NR5A1	NR5A1	652	Lambert_human_TFs	v1.01
NR5A2	NR5A2	653	Lambert_human_TFs	v1.01
NR6A1	NR6A1	654	Lambert_human_TFs	v1.01
NRF1	NRF1	655	Lambert_human_TFs	v1.01
NRL	NRL	656	Lambert_human_TFs	v1.01
OLIG1	OLIG1	657	Lambert_human_TFs	v1.01
OLIG2	OLIG2	658	Lambert_human_TFs	v1.01
OLIG3	OLIG3	659	Lambert_human_TFs	v1.01
ONECUT1	ONECUT1	660	Lambert_human_TFs	v1.01
ONECUT2	ONECUT2	661	Lambert_human_TFs	v1.01
ONECUT3	ONECUT3	662	Lambert_human_TFs	v1.01
OSR1	OSR1	663	Lambert_human_TFs	v1.01
OSR2	OSR2	664	Lambert_human_TFs	v1.01
OTP	OTP	665	Lambert_human_TFs	v1.01
OTX1	OTX1	666	Lambert_human_TFs	v1.01
OTX2	OTX2	667	Lambert_human_TFs	v1.01
OVOL1	OVOL1	668	Lambert_human_TFs	v1.01
OVOL2	OVOL2	669	Lambert_human_TFs	v1.01
OVOL3	OVOL3	670	Lambert_human_TFs	v1.01
PA2G4	PA2G4	671	Lambert_human_TFs	v1.01
PATZ1	PATZ1	672	Lambert_human_TFs	v1.01
PAX1	PAX1	673	Lambert_human_TFs	v1.01
PAX2	PAX2	674	Lambert_human_TFs	v1.01
PAX3	PAX3	675	Lambert_human_TFs	v1.01
PAX4	PAX4	676	Lambert_human_TFs	v1.01
PAX5	PAX5	677	Lambert_human_TFs	v1.01
PAX6	PAX6	678	Lambert_human_TFs	v1.01
PAX7	PAX7	679	Lambert_human_TFs	v1.01
PAX8	PAX8	680	Lambert_human_TFs	v1.01
PAX9	PAX9	681	Lambert_human_TFs	v1.01
PBX1	PBX1	682	Lambert_human_TFs	v1.01
PBX2	PBX2	683	Lambert_human_TFs	v1.01
PBX3	PBX3	684	Lambert_human_TFs	v1.01
PBX4	PBX4	685	Lambert_human_TFs	v1.01
PCGF2	PCGF2	686	Lambert_human_TFs	v1.01
PCGF6	PCGF6	687	Lambert_human_TFs	v1.01
PDX1	PDX1	688	Lambert_human_TFs	v1.01
PEG3	PEG3	689	Lambert_human_TFs	v1.01
PGR	PGR	690	Lambert_human_TFs	v1.01
PHF1	PHF1	691	Lambert_human_TFs	v1.01
PHF19	PHF19 	692	Lambert_human_TFs	v1.01
PHF20	PHF20	693	Lambert_human_TFs	v1.01
PHF21A	PHF21A	694	Lambert_human_TFs	v1.01
PHOX2A	PHOX2A	695	Lambert_human_TFs	v1.01
PHOX2B	PHOX2B	696	Lambert_human_TFs	v1.01
PIN1	PIN1	697	Lambert_human_TFs	v1.01
PITX1	PITX1	698	Lambert_human_TFs	v1.01
PITX2	PITX2	699	Lambert_human_TFs	v1.01
PITX3	PITX3	700	Lambert_human_TFs	v1.01
PKNOX1	PKNOX1	701	Lambert_human_TFs	v1.01
PKNOX2	PKNOX2	702	Lambert_human_TFs	v1.01
PLAG1	PLAG1	703	Lambert_human_TFs	v1.01
PLAGL1	PLAGL1	704	Lambert_human_TFs	v1.01
PLAGL2	PLAGL2	705	Lambert_human_TFs	v1.01
PLSCR1	PLSCR1	706	Lambert_human_TFs	v1.01
POGK	POGK	707	Lambert_human_TFs	v1.01
POU1F1	POU1F1	708	Lambert_human_TFs	v1.01
POU2AF1	POU2AF1	709	Lambert_human_TFs	v1.01
POU2F1	POU2F1	710	Lambert_human_TFs	v1.01
POU2F2	POU2F2	711	Lambert_human_TFs	v1.01
POU2F3	POU2F3	712	Lambert_human_TFs	v1.01
POU3F1	POU3F1	713	Lambert_human_TFs	v1.01
POU3F2	POU3F2	714	Lambert_human_TFs	v1.01
POU3F3	POU3F3	715	Lambert_human_TFs	v1.01
POU3F4	POU3F4	716	Lambert_human_TFs	v1.01
POU4F1	POU4F1	717	Lambert_human_TFs	v1.01
POU4F2	POU4F2	718	Lambert_human_TFs	v1.01
POU4F3	POU4F3	719	Lambert_human_TFs	v1.01
POU5F1	POU5F1	720	Lambert_human_TFs	v1.01
POU5F1B	POU5F1B	721	Lambert_human_TFs	v1.01
POU5F2	POU5F2	722	Lambert_human_TFs	v1.01
POU6F1	POU6F1	723	Lambert_human_TFs	v1.01
POU6F2	POU6F2	724	Lambert_human_TFs	v1.01
PPARA	PPARA	725	Lambert_human_TFs	v1.01
PPARD	PPARD	726	Lambert_human_TFs	v1.01
PPARG	PPARG	727	Lambert_human_TFs	v1.01
PRDM1	PRDM1	728	Lambert_human_TFs	v1.01
PRDM10	PRDM10	729	Lambert_human_TFs	v1.01
PRDM12	PRDM12	730	Lambert_human_TFs	v1.01
PRDM13	PRDM13	731	Lambert_human_TFs	v1.01
PRDM14	PRDM14	732	Lambert_human_TFs	v1.01
PRDM15	PRDM15	733	Lambert_human_TFs	v1.01
PRDM16	PRDM16	734	Lambert_human_TFs	v1.01
PRDM2	PRDM2	735	Lambert_human_TFs	v1.01
PRDM4	PRDM4	736	Lambert_human_TFs	v1.01
PRDM5	PRDM5	737	Lambert_human_TFs	v1.01
PRDM6	PRDM6	738	Lambert_human_TFs	v1.01
PRDM8	PRDM8	739	Lambert_human_TFs	v1.01
PRDM9	PRDM9	740	Lambert_human_TFs	v1.01
PREB	PREB	741	Lambert_human_TFs	v1.01
PRMT3	PRMT3	742	Lambert_human_TFs	v1.01
PROP1	PROP1	743	Lambert_human_TFs	v1.01
PROX1	PROX1	744	Lambert_human_TFs	v1.01
PROX2	PROX2	745	Lambert_human_TFs	v1.01
PRR12	PRR12	746	Lambert_human_TFs	v1.01
PRRX1	PRRX1	747	Lambert_human_TFs	v1.01
PRRX2	PRRX2	748	Lambert_human_TFs	v1.01
PTF1A	PTF1A	749	Lambert_human_TFs	v1.01
PURA	PURA	750	Lambert_human_TFs	v1.01
PURB	PURB	751	Lambert_human_TFs	v1.01
PURG	PURG	752	Lambert_human_TFs	v1.01
RAG1	RAG1	753	Lambert_human_TFs	v1.01
RARA	RARA	754	Lambert_human_TFs	v1.01
RARB	RARB	755	Lambert_human_TFs	v1.01
RARG	RARG	756	Lambert_human_TFs	v1.01
RAX	RAX	757	Lambert_human_TFs	v1.01
RAX2	RAX2	758	Lambert_human_TFs	v1.01
RBAK	RBAK	759	Lambert_human_TFs	v1.01
RBCK1	RBCK1	760	Lambert_human_TFs	v1.01
RBPJ	RBPJ	761	Lambert_human_TFs	v1.01
RBPJL	RBPJL	762	Lambert_human_TFs	v1.01
RBSN	RBSN	763	Lambert_human_TFs	v1.01
REL	REL	764	Lambert_human_TFs	v1.01
RELA	RELA	765	Lambert_human_TFs	v1.01
RELB	RELB	766	Lambert_human_TFs	v1.01
REPIN1	REPIN1	767	Lambert_human_TFs	v1.01
REST	REST	768	Lambert_human_TFs	v1.01
REXO4	REXO4	769	Lambert_human_TFs	v1.01
RFX1	RFX1	770	Lambert_human_TFs	v1.01
RFX2	RFX2	771	Lambert_human_TFs	v1.01
RFX3	RFX3	772	Lambert_human_TFs	v1.01
RFX4	RFX4	773	Lambert_human_TFs	v1.01
RFX5	RFX5	774	Lambert_human_TFs	v1.01
RFX6	RFX6	775	Lambert_human_TFs	v1.01
RFX7	RFX7	776	Lambert_human_TFs	v1.01
RFX8	RFX8	777	Lambert_human_TFs	v1.01
RHOXF1	RHOXF1	778	Lambert_human_TFs	v1.01
RHOXF2	RHOXF2	779	Lambert_human_TFs	v1.01
RHOXF2B	RHOXF2B	780	Lambert_human_TFs	v1.01
RLF	RLF	781	Lambert_human_TFs	v1.01
RORA	RORA	782	Lambert_human_TFs	v1.01
RORB	RORB	783	Lambert_human_TFs	v1.01
RORC	RORC	784	Lambert_human_TFs	v1.01
RREB1	RREB1	785	Lambert_human_TFs	v1.01
RUNX1	RUNX1	786	Lambert_human_TFs	v1.01
RUNX2	RUNX2	787	Lambert_human_TFs	v1.01
RUNX3	RUNX3	788	Lambert_human_TFs	v1.01
RXRA	RXRA	789	Lambert_human_TFs	v1.01
RXRB	RXRB	790	Lambert_human_TFs	v1.01
RXRG	RXRG	791	Lambert_human_TFs	v1.01
SAFB	SAFB	792	Lambert_human_TFs	v1.01
SAFB2	SAFB2	793	Lambert_human_TFs	v1.01
SALL1	SALL1	794	Lambert_human_TFs	v1.01
SALL2	SALL2	795	Lambert_human_TFs	v1.01
SALL3	SALL3	796	Lambert_human_TFs	v1.01
SALL4	SALL4	797	Lambert_human_TFs	v1.01
SATB1	SATB1	798	Lambert_human_TFs	v1.01
SATB2	SATB2	799	Lambert_human_TFs	v1.01
SCMH1	SCMH1	800	Lambert_human_TFs	v1.01
SCML4	SCML4	801	Lambert_human_TFs	v1.01
SCRT1	SCRT1	802	Lambert_human_TFs	v1.01
SCRT2	SCRT2	803	Lambert_human_TFs	v1.01
SCX	SCX	804	Lambert_human_TFs	v1.01
SEBOX	SEBOX	805	Lambert_human_TFs	v1.01
SETBP1	SETBP1	806	Lambert_human_TFs	v1.01
SETDB1	SETDB1	807	Lambert_human_TFs	v1.01
SETDB2	SETDB2	808	Lambert_human_TFs	v1.01
SGSM2	SGSM2	809	Lambert_human_TFs	v1.01
SHOX	SHOX	810	Lambert_human_TFs	v1.01
SHOX2	SHOX2	811	Lambert_human_TFs	v1.01
SIM1	SIM1	812	Lambert_human_TFs	v1.01
SIM2	SIM2	813	Lambert_human_TFs	v1.01
SIX1	SIX1	814	Lambert_human_TFs	v1.01
SIX2	SIX2	815	Lambert_human_TFs	v1.01
SIX3	SIX3	816	Lambert_human_TFs	v1.01
SIX4	SIX4	817	Lambert_human_TFs	v1.01
SIX5	SIX5	818	Lambert_human_TFs	v1.01
SIX6	SIX6	819	Lambert_human_TFs	v1.01
SKI	SKI	820	Lambert_human_TFs	v1.01
SKIL	SKIL	821	Lambert_human_TFs	v1.01
SKOR1	SKOR1	822	Lambert_human_TFs	v1.01
SKOR2	SKOR2	823	Lambert_human_TFs	v1.01
SLC2A4RG	SLC2A4RG	824	Lambert_human_TFs	v1.01
SMAD1	SMAD1	825	Lambert_human_TFs	v1.01
SMAD3	SMAD3	826	Lambert_human_TFs	v1.01
SMAD4	SMAD4	827	Lambert_human_TFs	v1.01
SMAD5	SMAD5	828	Lambert_human_TFs	v1.01
SMAD9	SMAD9	829	Lambert_human_TFs	v1.01
SMYD3	SMYD3	830	Lambert_human_TFs	v1.01
SNAI1	SNAI1	831	Lambert_human_TFs	v1.01
SNAI2	SNAI2	832	Lambert_human_TFs	v1.01
SNAI3	SNAI3	833	Lambert_human_TFs	v1.01
SNAPC2	SNAPC2	834	Lambert_human_TFs	v1.01
SNAPC4	SNAPC4	835	Lambert_human_TFs	v1.01
SNAPC5	SNAPC5	836	Lambert_human_TFs	v1.01
SOHLH1	SOHLH1	837	Lambert_human_TFs	v1.01
SOHLH2	SOHLH2	838	Lambert_human_TFs	v1.01
SON	SON	839	Lambert_human_TFs	v1.01
SOX1	SOX1	840	Lambert_human_TFs	v1.01
SOX10	SOX10	841	Lambert_human_TFs	v1.01
SOX11	SOX11	842	Lambert_human_TFs	v1.01
SOX12	SOX12	843	Lambert_human_TFs	v1.01
SOX13	SOX13	844	Lambert_human_TFs	v1.01
SOX14	SOX14	845	Lambert_human_TFs	v1.01
SOX15	SOX15	846	Lambert_human_TFs	v1.01
SOX17	SOX17	847	Lambert_human_TFs	v1.01
SOX18	SOX18	848	Lambert_human_TFs	v1.01
SOX2	SOX2	849	Lambert_human_TFs	v1.01
SOX21	SOX21	850	Lambert_human_TFs	v1.01
SOX3	SOX3	851	Lambert_human_TFs	v1.01
SOX30	SOX30	852	Lambert_human_TFs	v1.01
SOX4	SOX4	853	Lambert_human_TFs	v1.01
SOX5	SOX5	854	Lambert_human_TFs	v1.01
SOX6	SOX6	855	Lambert_human_TFs	v1.01
SOX7	SOX7	856	Lambert_human_TFs	v1.01
SOX8	SOX8	857	Lambert_human_TFs	v1.01
SOX9	SOX9	858	Lambert_human_TFs	v1.01
SP1	SP1	859	Lambert_human_TFs	v1.01
SP100	SP100	860	Lambert_human_TFs	v1.01
SP110	SP110	861	Lambert_human_TFs	v1.01
SP140	SP140	862	Lambert_human_TFs	v1.01
SP140L	SP140L	863	Lambert_human_TFs	v1.01
SP2	SP2	864	Lambert_human_TFs	v1.01
SP3	SP3	865	Lambert_human_TFs	v1.01
SP4	SP4	866	Lambert_human_TFs	v1.01
SP5	SP5	867	Lambert_human_TFs	v1.01
SP6	SP6	868	Lambert_human_TFs	v1.01
SP7	SP7	869	Lambert_human_TFs	v1.01
SP8	SP8	870	Lambert_human_TFs	v1.01
SP9	SP9	871	Lambert_human_TFs	v1.01
SPDEF	SPDEF	872	Lambert_human_TFs	v1.01
SPEN	SPEN	873	Lambert_human_TFs	v1.01
SPI1	SPI1	874	Lambert_human_TFs	v1.01
SPIB	SPIB	875	Lambert_human_TFs	v1.01
SPIC	SPIC	876	Lambert_human_TFs	v1.01
SPZ1	SPZ1	877	Lambert_human_TFs	v1.01
SRCAP	SRCAP	878	Lambert_human_TFs	v1.01
SREBF1	SREBF1	879	Lambert_human_TFs	v1.01
SREBF2	SREBF2	880	Lambert_human_TFs	v1.01
SRF	SRF	881	Lambert_human_TFs	v1.01
SRY	SRY	882	Lambert_human_TFs	v1.01
ST18	ST18	883	Lambert_human_TFs	v1.01
STAT1	STAT1	884	Lambert_human_TFs	v1.01
STAT2	STAT2	885	Lambert_human_TFs	v1.01
STAT3	STAT3	886	Lambert_human_TFs	v1.01
STAT4	STAT4	887	Lambert_human_TFs	v1.01
STAT5A	STAT5A	888	Lambert_human_TFs	v1.01
STAT5B	STAT5B	889	Lambert_human_TFs	v1.01
STAT6	STAT6	890	Lambert_human_TFs	v1.01
T	T	891	Lambert_human_TFs	v1.01
TAL1	TAL1	892	Lambert_human_TFs	v1.01
TAL2	TAL2	893	Lambert_human_TFs	v1.01
TBP	TBP	894	Lambert_human_TFs	v1.01
TBPL1	TBPL1	895	Lambert_human_TFs	v1.01
TBPL2	TBPL2	896	Lambert_human_TFs	v1.01
TBR1	TBR1	897	Lambert_human_TFs	v1.01
TBX1	TBX1	898	Lambert_human_TFs	v1.01
TBX10	TBX10	899	Lambert_human_TFs	v1.01
TBX15	TBX15	900	Lambert_human_TFs	v1.01
TBX18	TBX18	901	Lambert_human_TFs	v1.01
TBX19	TBX19	902	Lambert_human_TFs	v1.01
TBX2	TBX2	903	Lambert_human_TFs	v1.01
TBX20	TBX20	904	Lambert_human_TFs	v1.01
TBX21	TBX21	905	Lambert_human_TFs	v1.01
TBX22	TBX22	906	Lambert_human_TFs	v1.01
TBX3	TBX3	907	Lambert_human_TFs	v1.01
TBX4	TBX4	908	Lambert_human_TFs	v1.01
TBX5	TBX5	909	Lambert_human_TFs	v1.01
TBX6	TBX6	910	Lambert_human_TFs	v1.01
TCF12	TCF12	911	Lambert_human_TFs	v1.01
TCF15	TCF15	912	Lambert_human_TFs	v1.01
TCF20	TCF20	913	Lambert_human_TFs	v1.01
TCF21	TCF21	914	Lambert_human_TFs	v1.01
TCF23	TCF23	915	Lambert_human_TFs	v1.01
TCF24	TCF24	916	Lambert_human_TFs	v1.01
TCF3	TCF3	917	Lambert_human_TFs	v1.01
TCF4	TCF4	918	Lambert_human_TFs	v1.01
TCF7	TCF7	919	Lambert_human_TFs	v1.01
TCF7L1	TCF7L1	920	Lambert_human_TFs	v1.01
TCF7L2	TCF7L2	921	Lambert_human_TFs	v1.01
TCFL5	TCFL5	922	Lambert_human_TFs	v1.01
TEAD1	TEAD1	923	Lambert_human_TFs	v1.01
TEAD2	TEAD2	924	Lambert_human_TFs	v1.01
TEAD3	TEAD3	925	Lambert_human_TFs	v1.01
TEAD4	TEAD4	926	Lambert_human_TFs	v1.01
TEF	TEF	927	Lambert_human_TFs	v1.01
TERB1	TERB1	928	Lambert_human_TFs	v1.01
TERF1	TERF1	929	Lambert_human_TFs	v1.01
TERF2	TERF2	930	Lambert_human_TFs	v1.01
TET1	TET1	931	Lambert_human_TFs	v1.01
TET2	TET2	932	Lambert_human_TFs	v1.01
TET3	TET3	933	Lambert_human_TFs	v1.01
TFAP2A	TFAP2A	934	Lambert_human_TFs	v1.01
TFAP2B	TFAP2B	935	Lambert_human_TFs	v1.01
TFAP2C	TFAP2C	936	Lambert_human_TFs	v1.01
TFAP2D	TFAP2D	937	Lambert_human_TFs	v1.01
TFAP2E	TFAP2E	938	Lambert_human_TFs	v1.01
TFAP4	TFAP4	939	Lambert_human_TFs	v1.01
TFCP2	TFCP2	940	Lambert_human_TFs	v1.01
TFCP2L1	TFCP2L1	941	Lambert_human_TFs	v1.01
TFDP1	TFDP1	942	Lambert_human_TFs	v1.01
TFDP2	TFDP2	943	Lambert_human_TFs	v1.01
TFDP3	TFDP3	944	Lambert_human_TFs	v1.01
TFE3	TFE3	945	Lambert_human_TFs	v1.01
TFEB	TFEB	946	Lambert_human_TFs	v1.01
TFEC	TFEC	947	Lambert_human_TFs	v1.01
TGIF1	TGIF1	948	Lambert_human_TFs	v1.01
TGIF2	TGIF2	949	Lambert_human_TFs	v1.01
TGIF2LX	TGIF2LX	950	Lambert_human_TFs	v1.01
TGIF2LY	TGIF2LY	951	Lambert_human_TFs	v1.01
THAP1	THAP1	952	Lambert_human_TFs	v1.01
THAP10	THAP10	953	Lambert_human_TFs	v1.01
THAP11	THAP11	954	Lambert_human_TFs	v1.01
THAP12	THAP12	955	Lambert_human_TFs	v1.01
THAP2	THAP2	956	Lambert_human_TFs	v1.01
THAP3	THAP3	957	Lambert_human_TFs	v1.01
THAP4	THAP4	958	Lambert_human_TFs	v1.01
THAP5	THAP5	959	Lambert_human_TFs	v1.01
THAP6	THAP6	960	Lambert_human_TFs	v1.01
THAP7	THAP7	961	Lambert_human_TFs	v1.01
THAP8	THAP8	962	Lambert_human_TFs	v1.01
THAP9	THAP9	963	Lambert_human_TFs	v1.01
THRA	THRA	964	Lambert_human_TFs	v1.01
THRB	THRB	965	Lambert_human_TFs	v1.01
THYN1	THYN1	966	Lambert_human_TFs	v1.01
TIGD1	TIGD1	967	Lambert_human_TFs	v1.01
TIGD2	TIGD2	968	Lambert_human_TFs	v1.01
TIGD3	TIGD3	969	Lambert_human_TFs	v1.01
TIGD4	TIGD4	970	Lambert_human_TFs	v1.01
TIGD5	TIGD5	971	Lambert_human_TFs	v1.01
TIGD6	TIGD6	972	Lambert_human_TFs	v1.01
TIGD7	TIGD7	973	Lambert_human_TFs	v1.01
TLX1	TLX1	974	Lambert_human_TFs	v1.01
TLX2	TLX2	975	Lambert_human_TFs	v1.01
TLX3	TLX3	976	Lambert_human_TFs	v1.01
TMF1	TMF1	977	Lambert_human_TFs	v1.01
TOPORS	TOPORS	978	Lambert_human_TFs	v1.01
TP53	TP53	979	Lambert_human_TFs	v1.01
TP63	TP63	980	Lambert_human_TFs	v1.01
TP73	TP73	981	Lambert_human_TFs	v1.01
TPRX1	TPRX1	982	Lambert_human_TFs	v1.01
TRAFD1	TRAFD1	983	Lambert_human_TFs	v1.01
TRERF1	TRERF1	984	Lambert_human_TFs	v1.01
TRPS1	TRPS1	985	Lambert_human_TFs	v1.01
TSC22D1	TSC22D1	986	Lambert_human_TFs	v1.01
TSHZ1	TSHZ1	987	Lambert_human_TFs	v1.01
TSHZ2	TSHZ2	988	Lambert_human_TFs	v1.01
TSHZ3	TSHZ3	989	Lambert_human_TFs	v1.01
TTF1	TTF1	990	Lambert_human_TFs	v1.01
TWIST1	TWIST1	991	Lambert_human_TFs	v1.01
TWIST2	TWIST2	992	Lambert_human_TFs	v1.01
UBP1	UBP1	993	Lambert_human_TFs	v1.01
UNCX	UNCX	994	Lambert_human_TFs	v1.01
USF1	USF1	995	Lambert_human_TFs	v1.01
USF2	USF2	996	Lambert_human_TFs	v1.01
USF3	USF3	997	Lambert_human_TFs	v1.01
VAX1	VAX1	998	Lambert_human_TFs	v1.01
VAX2	VAX2	999	Lambert_human_TFs	v1.01
VDR	VDR	1000	Lambert_human_TFs	v1.01
VENTX	VENTX	1001	Lambert_human_TFs	v1.01
VEZF1	VEZF1	1002	Lambert_human_TFs	v1.01
VSX1	VSX1	1003	Lambert_human_TFs	v1.01
VSX2	VSX2	1004	Lambert_human_TFs	v1.01
WIZ	WIZ	1005	Lambert_human_TFs	v1.01
WT1	WT1	1006	Lambert_human_TFs	v1.01
XBP1	XBP1	1007	Lambert_human_TFs	v1.01
XPA	XPA	1008	Lambert_human_TFs	v1.01
YBX1	YBX1	1009	Lambert_human_TFs	v1.01
YBX2	YBX2	1010	Lambert_human_TFs	v1.01
YBX3	YBX3	1011	Lambert_human_TFs	v1.01
YY1	YY1	1012	Lambert_human_TFs	v1.01
YY2	YY2	1013	Lambert_human_TFs	v1.01
ZBED1	ZBED1	1014	Lambert_human_TFs	v1.01
ZBED2	ZBED2	1015	Lambert_human_TFs	v1.01
ZBED3	ZBED3	1016	Lambert_human_TFs	v1.01
ZBED4	ZBED4	1017	Lambert_human_TFs	v1.01
ZBED5	ZBED5	1018	Lambert_human_TFs	v1.01
ZBED6	ZBED6	1019	Lambert_human_TFs	v1.01
ZBED9	ZBED9	1020	Lambert_human_TFs	v1.01
ZBTB1	ZBTB1	1021	Lambert_human_TFs	v1.01
ZBTB10	ZBTB10	1022	Lambert_human_TFs	v1.01
ZBTB11	ZBTB11	1023	Lambert_human_TFs	v1.01
ZBTB12	ZBTB12	1024	Lambert_human_TFs	v1.01
ZBTB14	ZBTB14	1025	Lambert_human_TFs	v1.01
ZBTB16	ZBTB16	1026	Lambert_human_TFs	v1.01
ZBTB17	ZBTB17	1027	Lambert_human_TFs	v1.01
ZBTB18	ZBTB18	1028	Lambert_human_TFs	v1.01
ZBTB2	ZBTB2	1029	Lambert_human_TFs	v1.01
ZBTB20	ZBTB20	1030	Lambert_human_TFs	v1.01
ZBTB21	ZBTB21	1031	Lambert_human_TFs	v1.01
ZBTB22	ZBTB22	1032	Lambert_human_TFs	v1.01
ZBTB24	ZBTB24	1033	Lambert_human_TFs	v1.01
ZBTB25	ZBTB25	1034	Lambert_human_TFs	v1.01
ZBTB26	ZBTB26	1035	Lambert_human_TFs	v1.01
ZBTB3	ZBTB3	1036	Lambert_human_TFs	v1.01
ZBTB32	ZBTB32	1037	Lambert_human_TFs	v1.01
ZBTB33	ZBTB33	1038	Lambert_human_TFs	v1.01
ZBTB34	ZBTB34	1039	Lambert_human_TFs	v1.01
ZBTB37	ZBTB37	1040	Lambert_human_TFs	v1.01
ZBTB38	ZBTB38	1041	Lambert_human_TFs	v1.01
ZBTB39	ZBTB39	1042	Lambert_human_TFs	v1.01
ZBTB4	ZBTB4	1043	Lambert_human_TFs	v1.01
ZBTB40	ZBTB40	1044	Lambert_human_TFs	v1.01
ZBTB41	ZBTB41	1045	Lambert_human_TFs	v1.01
ZBTB42	ZBTB42	1046	Lambert_human_TFs	v1.01
ZBTB43	ZBTB43	1047	Lambert_human_TFs	v1.01
ZBTB44	ZBTB44	1048	Lambert_human_TFs	v1.01
ZBTB45	ZBTB45	1049	Lambert_human_TFs	v1.01
ZBTB46	ZBTB46	1050	Lambert_human_TFs	v1.01
ZBTB47	ZBTB47	1051	Lambert_human_TFs	v1.01
ZBTB48	ZBTB48	1052	Lambert_human_TFs	v1.01
ZBTB49	ZBTB49	1053	Lambert_human_TFs	v1.01
ZBTB5	ZBTB5	1054	Lambert_human_TFs	v1.01
ZBTB6	ZBTB6	1055	Lambert_human_TFs	v1.01
ZBTB7A	ZBTB7A	1056	Lambert_human_TFs	v1.01
ZBTB7B	ZBTB7B	1057	Lambert_human_TFs	v1.01
ZBTB7C	ZBTB7C	1058	Lambert_human_TFs	v1.01
ZBTB8A	ZBTB8A	1059	Lambert_human_TFs	v1.01
ZBTB8B	ZBTB8B	1060	Lambert_human_TFs	v1.01
ZBTB9	ZBTB9	1061	Lambert_human_TFs	v1.01
ZC3H8	ZC3H8	1062	Lambert_human_TFs	v1.01
ZEB1	ZEB1	1063	Lambert_human_TFs	v1.01
ZEB2	ZEB2	1064	Lambert_human_TFs	v1.01
ZFAT	ZFAT	1065	Lambert_human_TFs	v1.01
ZFHX2	ZFHX2	1066	Lambert_human_TFs	v1.01
ZFHX3	ZFHX3	1067	Lambert_human_TFs	v1.01
ZFHX4	ZFHX4	1068	Lambert_human_TFs	v1.01
ZFP1	ZFP1	1069	Lambert_human_TFs	v1.01
ZFP14	ZFP14	1070	Lambert_human_TFs	v1.01
ZFP2	ZFP2	1071	Lambert_human_TFs	v1.01
ZFP28	ZFP28	1072	Lambert_human_TFs	v1.01
ZFP3	ZFP3	1073	Lambert_human_TFs	v1.01
ZFP30	ZFP30	1074	Lambert_human_TFs	v1.01
ZFP37	ZFP37	1075	Lambert_human_TFs	v1.01
ZFP41	ZFP41	1076	Lambert_human_TFs	v1.01
ZFP42	ZFP42	1077	Lambert_human_TFs	v1.01
ZFP57	ZFP57	1078	Lambert_human_TFs	v1.01
ZFP62	ZFP62	1079	Lambert_human_TFs	v1.01
ZFP64	ZFP64	1080	Lambert_human_TFs	v1.01
ZFP69	ZFP69	1081	Lambert_human_TFs	v1.01
ZFP69B	ZFP69B	1082	Lambert_human_TFs	v1.01
ZFP82	ZFP82	1083	Lambert_human_TFs	v1.01
ZFP90	ZFP90	1084	Lambert_human_TFs	v1.01
ZFP91	ZFP91	1085	Lambert_human_TFs	v1.01
ZFP92	ZFP92	1086	Lambert_human_TFs	v1.01
ZFPM1	ZFPM1	1087	Lambert_human_TFs	v1.01
ZFPM2	ZFPM2	1088	Lambert_human_TFs	v1.01
ZFX	ZFX	1089	Lambert_human_TFs	v1.01
ZFY	ZFY	1090	Lambert_human_TFs	v1.01
ZGLP1	ZGLP1	1091	Lambert_human_TFs	v1.01
ZGPAT	ZGPAT	1092	Lambert_human_TFs	v1.01
ZHX1	ZHX1	1093	Lambert_human_TFs	v1.01
ZHX2	ZHX2	1094	Lambert_human_TFs	v1.01
ZHX3	ZHX3	1095	Lambert_human_TFs	v1.01
ZIC1	ZIC1	1096	Lambert_human_TFs	v1.01
ZIC2	ZIC2	1097	Lambert_human_TFs	v1.01
ZIC3	ZIC3	1098	Lambert_human_TFs	v1.01
ZIC4	ZIC4	1099	Lambert_human_TFs	v1.01
ZIC5	ZIC5	1100	Lambert_human_TFs	v1.01
ZIK1	ZIK1	1101	Lambert_human_TFs	v1.01
ZIM2	ZIM2	1102	Lambert_human_TFs	v1.01
ZIM3	ZIM3	1103	Lambert_human_TFs	v1.01
ZKSCAN1	ZKSCAN1	1104	Lambert_human_TFs	v1.01
ZKSCAN2	ZKSCAN2	1105	Lambert_human_TFs	v1.01
ZKSCAN3	ZKSCAN3	1106	Lambert_human_TFs	v1.01
ZKSCAN4	ZKSCAN4	1107	Lambert_human_TFs	v1.01
ZKSCAN5	ZKSCAN5	1108	Lambert_human_TFs	v1.01
ZKSCAN7	ZKSCAN7	1109	Lambert_human_TFs	v1.01
ZKSCAN8	ZKSCAN8	1110	Lambert_human_TFs	v1.01
ZMAT1	ZMAT1	1111	Lambert_human_TFs	v1.01
ZMAT4	ZMAT4	1112	Lambert_human_TFs	v1.01
ZNF10	ZNF10	1113	Lambert_human_TFs	v1.01
ZNF100	ZNF100	1114	Lambert_human_TFs	v1.01
ZNF101	ZNF101	1115	Lambert_human_TFs	v1.01
ZNF107	ZNF107	1116	Lambert_human_TFs	v1.01
ZNF112	ZNF112	1117	Lambert_human_TFs	v1.01
ZNF114	ZNF114	1118	Lambert_human_TFs	v1.01
ZNF117	ZNF117	1119	Lambert_human_TFs	v1.01
ZNF12	ZNF12	1120	Lambert_human_TFs	v1.01
ZNF121	ZNF121	1121	Lambert_human_TFs	v1.01
ZNF124	ZNF124	1122	Lambert_human_TFs	v1.01
ZNF131	ZNF131	1123	Lambert_human_TFs	v1.01
ZNF132	ZNF132	1124	Lambert_human_TFs	v1.01
ZNF133	ZNF133	1125	Lambert_human_TFs	v1.01
ZNF134	ZNF134	1126	Lambert_human_TFs	v1.01
ZNF135	ZNF135	1127	Lambert_human_TFs	v1.01
ZNF136	ZNF136	1128	Lambert_human_TFs	v1.01
ZNF138	ZNF138	1129	Lambert_human_TFs	v1.01
ZNF14	ZNF14	1130	Lambert_human_TFs	v1.01
ZNF140	ZNF140	1131	Lambert_human_TFs	v1.01
ZNF141	ZNF141	1132	Lambert_human_TFs	v1.01
ZNF142	ZNF142	1133	Lambert_human_TFs	v1.01
ZNF143	ZNF143	1134	Lambert_human_TFs	v1.01
ZNF146	ZNF146	1135	Lambert_human_TFs	v1.01
ZNF148	ZNF148	1136	Lambert_human_TFs	v1.01
ZNF154	ZNF154	1137	Lambert_human_TFs	v1.01
ZNF155	ZNF155	1138	Lambert_human_TFs	v1.01
ZNF157	ZNF157	1139	Lambert_human_TFs	v1.01
ZNF16	ZNF16	1140	Lambert_human_TFs	v1.01
ZNF160	ZNF160	1141	Lambert_human_TFs	v1.01
ZNF165	ZNF165	1142	Lambert_human_TFs	v1.01
ZNF169	ZNF169	1143	Lambert_human_TFs	v1.01
ZNF17	ZNF17	1144	Lambert_human_TFs	v1.01
ZNF174	ZNF174	1145	Lambert_human_TFs	v1.01
ZNF175	ZNF175	1146	Lambert_human_TFs	v1.01
ZNF177	ZNF177	1147	Lambert_human_TFs	v1.01
ZNF18	ZNF18	1148	Lambert_human_TFs	v1.01
ZNF180	ZNF180	1149	Lambert_human_TFs	v1.01
ZNF181	ZNF181	1150	Lambert_human_TFs	v1.01
ZNF182	ZNF182	1151	Lambert_human_TFs	v1.01
ZNF184	ZNF184	1152	Lambert_human_TFs	v1.01
ZNF189	ZNF189	1153	Lambert_human_TFs	v1.01
ZNF19	ZNF19	1154	Lambert_human_TFs	v1.01
ZNF195	ZNF195	1155	Lambert_human_TFs	v1.01
ZNF197	ZNF197	1156	Lambert_human_TFs	v1.01
ZNF2	ZNF2	1157	Lambert_human_TFs	v1.01
ZNF20	ZNF20	1158	Lambert_human_TFs	v1.01
ZNF200	ZNF200	1159	Lambert_human_TFs	v1.01
ZNF202	ZNF202	1160	Lambert_human_TFs	v1.01
ZNF205	ZNF205	1161	Lambert_human_TFs	v1.01
ZNF207	ZNF207	1162	Lambert_human_TFs	v1.01
ZNF208	ZNF208	1163	Lambert_human_TFs	v1.01
ZNF211	ZNF211	1164	Lambert_human_TFs	v1.01
ZNF212	ZNF212	1165	Lambert_human_TFs	v1.01
ZNF213	ZNF213	1166	Lambert_human_TFs	v1.01
ZNF214	ZNF214	1167	Lambert_human_TFs	v1.01
ZNF215	ZNF215	1168	Lambert_human_TFs	v1.01
ZNF217	ZNF217	1169	Lambert_human_TFs	v1.01
ZNF219	ZNF219	1170	Lambert_human_TFs	v1.01
ZNF22	ZNF22	1171	Lambert_human_TFs	v1.01
ZNF221	ZNF221	1172	Lambert_human_TFs	v1.01
ZNF222	ZNF222	1173	Lambert_human_TFs	v1.01
ZNF223	ZNF223	1174	Lambert_human_TFs	v1.01
ZNF224	ZNF224	1175	Lambert_human_TFs	v1.01
ZNF225	ZNF225	1176	Lambert_human_TFs	v1.01
ZNF226	ZNF226	1177	Lambert_human_TFs	v1.01
ZNF227	ZNF227	1178	Lambert_human_TFs	v1.01
ZNF229	ZNF229	1179	Lambert_human_TFs	v1.01
ZNF23	ZNF23	1180	Lambert_human_TFs	v1.01
ZNF230	ZNF230	1181	Lambert_human_TFs	v1.01
ZNF232	ZNF232	1182	Lambert_human_TFs	v1.01
ZNF233	ZNF233	1183	Lambert_human_TFs	v1.01
ZNF234	ZNF234	1184	Lambert_human_TFs	v1.01
ZNF235	ZNF235	1185	Lambert_human_TFs	v1.01
ZNF236	ZNF236	1186	Lambert_human_TFs	v1.01
ZNF239	ZNF239	1187	Lambert_human_TFs	v1.01
ZNF24	ZNF24	1188	Lambert_human_TFs	v1.01
ZNF248	ZNF248	1189	Lambert_human_TFs	v1.01
ZNF25	ZNF25	1190	Lambert_human_TFs	v1.01
ZNF250	ZNF250	1191	Lambert_human_TFs	v1.01
ZNF251	ZNF251	1192	Lambert_human_TFs	v1.01
ZNF253	ZNF253	1193	Lambert_human_TFs	v1.01
ZNF254	ZNF254	1194	Lambert_human_TFs	v1.01
ZNF256	ZNF256	1195	Lambert_human_TFs	v1.01
ZNF257	ZNF257	1196	Lambert_human_TFs	v1.01
ZNF26	ZNF26	1197	Lambert_human_TFs	v1.01
ZNF260	ZNF260	1198	Lambert_human_TFs	v1.01
ZNF263	ZNF263	1199	Lambert_human_TFs	v1.01
ZNF264	ZNF264	1200	Lambert_human_TFs	v1.01
ZNF266	ZNF266	1201	Lambert_human_TFs	v1.01
ZNF267	ZNF267	1202	Lambert_human_TFs	v1.01
ZNF268	ZNF268	1203	Lambert_human_TFs	v1.01
ZNF273	ZNF273	1204	Lambert_human_TFs	v1.01
ZNF274	ZNF274	1205	Lambert_human_TFs	v1.01
ZNF275	ZNF275	1206	Lambert_human_TFs	v1.01
ZNF276	ZNF276	1207	Lambert_human_TFs	v1.01
ZNF277	ZNF277	1208	Lambert_human_TFs	v1.01
ZNF28	ZNF28	1209	Lambert_human_TFs	v1.01
ZNF280A	ZNF280A	1210	Lambert_human_TFs	v1.01
ZNF280B	ZNF280B	1211	Lambert_human_TFs	v1.01
ZNF280C	ZNF280C	1212	Lambert_human_TFs	v1.01
ZNF280D	ZNF280D	1213	Lambert_human_TFs	v1.01
ZNF281	ZNF281	1214	Lambert_human_TFs	v1.01
ZNF282	ZNF282	1215	Lambert_human_TFs	v1.01
ZNF283	ZNF283	1216	Lambert_human_TFs	v1.01
ZNF284	ZNF284	1217	Lambert_human_TFs	v1.01
ZNF285	ZNF285	1218	Lambert_human_TFs	v1.01
ZNF286A	ZNF286A	1219	Lambert_human_TFs	v1.01
ZNF286B	ZNF286B	1220	Lambert_human_TFs	v1.01
ZNF287	ZNF287	1221	Lambert_human_TFs	v1.01
ZNF292	ZNF292	1222	Lambert_human_TFs	v1.01
ZNF296	ZNF296	1223	Lambert_human_TFs	v1.01
ZNF3	ZNF3	1224	Lambert_human_TFs	v1.01
ZNF30	ZNF30	1225	Lambert_human_TFs	v1.01
ZNF300	ZNF300	1226	Lambert_human_TFs	v1.01
ZNF302	ZNF302	1227	Lambert_human_TFs	v1.01
ZNF304	ZNF304	1228	Lambert_human_TFs	v1.01
ZNF311	ZNF311	1229	Lambert_human_TFs	v1.01
ZNF316	ZNF316	1230	Lambert_human_TFs	v1.01
ZNF317	ZNF317	1231	Lambert_human_TFs	v1.01
ZNF318	ZNF318	1232	Lambert_human_TFs	v1.01
ZNF319	ZNF319	1233	Lambert_human_TFs	v1.01
ZNF32	ZNF32	1234	Lambert_human_TFs	v1.01
ZNF320	ZNF320	1235	Lambert_human_TFs	v1.01
ZNF322	ZNF322	1236	Lambert_human_TFs	v1.01
ZNF324	ZNF324	1237	Lambert_human_TFs	v1.01
ZNF324B	ZNF324B	1238	Lambert_human_TFs	v1.01
ZNF326	ZNF326	1239	Lambert_human_TFs	v1.01
ZNF329	ZNF329	1240	Lambert_human_TFs	v1.01
ZNF331	ZNF331	1241	Lambert_human_TFs	v1.01
ZNF333	ZNF333	1242	Lambert_human_TFs	v1.01
ZNF334	ZNF334	1243	Lambert_human_TFs	v1.01
ZNF335	ZNF335	1244	Lambert_human_TFs	v1.01
ZNF337	ZNF337	1245	Lambert_human_TFs	v1.01
ZNF33A	ZNF33A	1246	Lambert_human_TFs	v1.01
ZNF33B	ZNF33B	1247	Lambert_human_TFs	v1.01
ZNF34	ZNF34	1248	Lambert_human_TFs	v1.01
ZNF341	ZNF341	1249	Lambert_human_TFs	v1.01
ZNF343	ZNF343	1250	Lambert_human_TFs	v1.01
ZNF345	ZNF345	1251	Lambert_human_TFs	v1.01
ZNF346	ZNF346	1252	Lambert_human_TFs	v1.01
ZNF347	ZNF347	1253	Lambert_human_TFs	v1.01
ZNF35	ZNF35	1254	Lambert_human_TFs	v1.01
ZNF350	ZNF350	1255	Lambert_human_TFs	v1.01
ZNF354A	ZNF354A	1256	Lambert_human_TFs	v1.01
ZNF354B	ZNF354B	1257	Lambert_human_TFs	v1.01
ZNF354C	ZNF354C	1258	Lambert_human_TFs	v1.01
ZNF358	ZNF358	1259	Lambert_human_TFs	v1.01
ZNF362	ZNF362	1260	Lambert_human_TFs	v1.01
ZNF365	ZNF365	1261	Lambert_human_TFs	v1.01
ZNF366	ZNF366	1262	Lambert_human_TFs	v1.01
ZNF367	ZNF367	1263	Lambert_human_TFs	v1.01
ZNF37A	ZNF37A	1264	Lambert_human_TFs	v1.01
ZNF382	ZNF382	1265	Lambert_human_TFs	v1.01
ZNF383	ZNF383	1266	Lambert_human_TFs	v1.01
ZNF384	ZNF384	1267	Lambert_human_TFs	v1.01
ZNF385A	ZNF385A	1268	Lambert_human_TFs	v1.01
ZNF385B	ZNF385B	1269	Lambert_human_TFs	v1.01
ZNF385C	ZNF385C	1270	Lambert_human_TFs	v1.01
ZNF385D	ZNF385D	1271	Lambert_human_TFs	v1.01
ZNF391	ZNF391	1272	Lambert_human_TFs	v1.01
ZNF394	ZNF394	1273	Lambert_human_TFs	v1.01
ZNF395	ZNF395	1274	Lambert_human_TFs	v1.01
ZNF396	ZNF396	1275	Lambert_human_TFs	v1.01
ZNF397	ZNF397	1276	Lambert_human_TFs	v1.01
ZNF398	ZNF398	1277	Lambert_human_TFs	v1.01
ZNF404	ZNF404	1278	Lambert_human_TFs	v1.01
ZNF407	ZNF407	1279	Lambert_human_TFs	v1.01
ZNF408	ZNF408	1280	Lambert_human_TFs	v1.01
ZNF41	ZNF41	1281	Lambert_human_TFs	v1.01
ZNF410	ZNF410	1282	Lambert_human_TFs	v1.01
ZNF414	ZNF414	1283	Lambert_human_TFs	v1.01
ZNF415	ZNF415	1284	Lambert_human_TFs	v1.01
ZNF416	ZNF416	1285	Lambert_human_TFs	v1.01
ZNF417	ZNF417	1286	Lambert_human_TFs	v1.01
ZNF418	ZNF418	1287	Lambert_human_TFs	v1.01
ZNF419	ZNF419	1288	Lambert_human_TFs	v1.01
ZNF420	ZNF420	1289	Lambert_human_TFs	v1.01
ZNF423	ZNF423	1290	Lambert_human_TFs	v1.01
ZNF425	ZNF425	1291	Lambert_human_TFs	v1.01
ZNF426	ZNF426	1292	Lambert_human_TFs	v1.01
ZNF428	ZNF428	1293	Lambert_human_TFs	v1.01
ZNF429	ZNF429	1294	Lambert_human_TFs	v1.01
ZNF43	ZNF43	1295	Lambert_human_TFs	v1.01
ZNF430	ZNF430	1296	Lambert_human_TFs	v1.01
ZNF431	ZNF431	1297	Lambert_human_TFs	v1.01
ZNF432	ZNF432	1298	Lambert_human_TFs	v1.01
ZNF433	ZNF433	1299	Lambert_human_TFs	v1.01
ZNF436	ZNF436	1300	Lambert_human_TFs	v1.01
ZNF438	ZNF438	1301	Lambert_human_TFs	v1.01
ZNF439	ZNF439	1302	Lambert_human_TFs	v1.01
ZNF44	ZNF44	1303	Lambert_human_TFs	v1.01
ZNF440	ZNF440	1304	Lambert_human_TFs	v1.01
ZNF441	ZNF441	1305	Lambert_human_TFs	v1.01
ZNF442	ZNF442	1306	Lambert_human_TFs	v1.01
ZNF443	ZNF443	1307	Lambert_human_TFs	v1.01
ZNF444	ZNF444	1308	Lambert_human_TFs	v1.01
ZNF445	ZNF445	1309	Lambert_human_TFs	v1.01
ZNF446	ZNF446	1310	Lambert_human_TFs	v1.01
ZNF449	ZNF449	1311	Lambert_human_TFs	v1.01
ZNF45	ZNF45	1312	Lambert_human_TFs	v1.01
ZNF451	ZNF451	1313	Lambert_human_TFs	v1.01
ZNF454	ZNF454	1314	Lambert_human_TFs	v1.01
ZNF460	ZNF460	1315	Lambert_human_TFs	v1.01
ZNF461	ZNF461	1316	Lambert_human_TFs	v1.01
ZNF462	ZNF462	1317	Lambert_human_TFs	v1.01
ZNF467	ZNF467	1318	Lambert_human_TFs	v1.01
ZNF468	ZNF468	1319	Lambert_human_TFs	v1.01
ZNF469	ZNF469	1320	Lambert_human_TFs	v1.01
ZNF470	ZNF470	1321	Lambert_human_TFs	v1.01
ZNF471	ZNF471	1322	Lambert_human_TFs	v1.01
ZNF473	ZNF473	1323	Lambert_human_TFs	v1.01
ZNF474	ZNF474	1324	Lambert_human_TFs	v1.01
ZNF479	ZNF479	1325	Lambert_human_TFs	v1.01
ZNF48	ZNF48	1326	Lambert_human_TFs	v1.01
ZNF480	ZNF480	1327	Lambert_human_TFs	v1.01
ZNF483	ZNF483	1328	Lambert_human_TFs	v1.01
ZNF484	ZNF484	1329	Lambert_human_TFs	v1.01
ZNF485	ZNF485	1330	Lambert_human_TFs	v1.01
ZNF486	ZNF486	1331	Lambert_human_TFs	v1.01
ZNF487	ZNF487	1332	Lambert_human_TFs	v1.01
ZNF488	ZNF488	1333	Lambert_human_TFs	v1.01
ZNF490	ZNF490	1334	Lambert_human_TFs	v1.01
ZNF491	ZNF491	1335	Lambert_human_TFs	v1.01
ZNF492	ZNF492	1336	Lambert_human_TFs	v1.01
ZNF493	ZNF493	1337	Lambert_human_TFs	v1.01
ZNF496	ZNF496	1338	Lambert_human_TFs	v1.01
ZNF497	ZNF497	1339	Lambert_human_TFs	v1.01
ZNF500	ZNF500	1340	Lambert_human_TFs	v1.01
ZNF501	ZNF501	1341	Lambert_human_TFs	v1.01
ZNF502	ZNF502	1342	Lambert_human_TFs	v1.01
ZNF503	ZNF503	1343	Lambert_human_TFs	v1.01
ZNF506	ZNF506	1344	Lambert_human_TFs	v1.01
ZNF507	ZNF507	1345	Lambert_human_TFs	v1.01
ZNF510	ZNF510	1346	Lambert_human_TFs	v1.01
ZNF511	ZNF511	1347	Lambert_human_TFs	v1.01
ZNF512	ZNF512	1348	Lambert_human_TFs	v1.01
ZNF512B	ZNF512B	1349	Lambert_human_TFs	v1.01
ZNF513	ZNF513	1350	Lambert_human_TFs	v1.01
ZNF514	ZNF514	1351	Lambert_human_TFs	v1.01
ZNF516	ZNF516	1352	Lambert_human_TFs	v1.01
ZNF517	ZNF517	1353	Lambert_human_TFs	v1.01
ZNF518A	ZNF518A	1354	Lambert_human_TFs	v1.01
ZNF518B	ZNF518B	1355	Lambert_human_TFs	v1.01
ZNF519	ZNF519	1356	Lambert_human_TFs	v1.01
ZNF521	ZNF521	1357	Lambert_human_TFs	v1.01
ZNF524	ZNF524	1358	Lambert_human_TFs	v1.01
ZNF525	ZNF525	1359	Lambert_human_TFs	v1.01
ZNF526	ZNF526	1360	Lambert_human_TFs	v1.01
ZNF527	ZNF527	1361	Lambert_human_TFs	v1.01
ZNF528	ZNF528	1362	Lambert_human_TFs	v1.01
ZNF529	ZNF529	1363	Lambert_human_TFs	v1.01
ZNF530	ZNF530	1364	Lambert_human_TFs	v1.01
ZNF532	ZNF532	1365	Lambert_human_TFs	v1.01
ZNF534	ZNF534	1366	Lambert_human_TFs	v1.01
ZNF536	ZNF536	1367	Lambert_human_TFs	v1.01
ZNF540	ZNF540	1368	Lambert_human_TFs	v1.01
ZNF541	ZNF541	1369	Lambert_human_TFs	v1.01
ZNF543	ZNF543	1370	Lambert_human_TFs	v1.01
ZNF544	ZNF544	1371	Lambert_human_TFs	v1.01
ZNF546	ZNF546	1372	Lambert_human_TFs	v1.01
ZNF547	ZNF547	1373	Lambert_human_TFs	v1.01
ZNF548	ZNF548	1374	Lambert_human_TFs	v1.01
ZNF549	ZNF549	1375	Lambert_human_TFs	v1.01
ZNF550	ZNF550	1376	Lambert_human_TFs	v1.01
ZNF551	ZNF551	1377	Lambert_human_TFs	v1.01
ZNF552	ZNF552	1378	Lambert_human_TFs	v1.01
ZNF554	ZNF554	1379	Lambert_human_TFs	v1.01
ZNF555	ZNF555	1380	Lambert_human_TFs	v1.01
ZNF556	ZNF556	1381	Lambert_human_TFs	v1.01
ZNF557	ZNF557	1382	Lambert_human_TFs	v1.01
ZNF558	ZNF558	1383	Lambert_human_TFs	v1.01
ZNF559	ZNF559	1384	Lambert_human_TFs	v1.01
ZNF560	ZNF560	1385	Lambert_human_TFs	v1.01
ZNF561	ZNF561	1386	Lambert_human_TFs	v1.01
ZNF562	ZNF562	1387	Lambert_human_TFs	v1.01
ZNF563	ZNF563	1388	Lambert_human_TFs	v1.01
ZNF564	ZNF564	1389	Lambert_human_TFs	v1.01
ZNF565	ZNF565	1390	Lambert_human_TFs	v1.01
ZNF566	ZNF566	1391	Lambert_human_TFs	v1.01
ZNF567	ZNF567	1392	Lambert_human_TFs	v1.01
ZNF568	ZNF568	1393	Lambert_human_TFs	v1.01
ZNF569	ZNF569	1394	Lambert_human_TFs	v1.01
ZNF57	ZNF57	1395	Lambert_human_TFs	v1.01
ZNF570	ZNF570	1396	Lambert_human_TFs	v1.01
ZNF571	ZNF571	1397	Lambert_human_TFs	v1.01
ZNF572	ZNF572	1398	Lambert_human_TFs	v1.01
ZNF573	ZNF573	1399	Lambert_human_TFs	v1.01
ZNF574	ZNF574	1400	Lambert_human_TFs	v1.01
ZNF575	ZNF575	1401	Lambert_human_TFs	v1.01
ZNF576	ZNF576	1402	Lambert_human_TFs	v1.01
ZNF577	ZNF577	1403	Lambert_human_TFs	v1.01
ZNF578	ZNF578	1404	Lambert_human_TFs	v1.01
ZNF579	ZNF579	1405	Lambert_human_TFs	v1.01
ZNF580	ZNF580	1406	Lambert_human_TFs	v1.01
ZNF581	ZNF581	1407	Lambert_human_TFs	v1.01
ZNF582	ZNF582	1408	Lambert_human_TFs	v1.01
ZNF583	ZNF583	1409	Lambert_human_TFs	v1.01
ZNF584	ZNF584	1410	Lambert_human_TFs	v1.01
ZNF585A	ZNF585A	1411	Lambert_human_TFs	v1.01
ZNF585B	ZNF585B	1412	Lambert_human_TFs	v1.01
ZNF586	ZNF586	1413	Lambert_human_TFs	v1.01
ZNF587	ZNF587	1414	Lambert_human_TFs	v1.01
ZNF587B	ZNF587B	1415	Lambert_human_TFs	v1.01
ZNF589	ZNF589	1416	Lambert_human_TFs	v1.01
ZNF592	ZNF592	1417	Lambert_human_TFs	v1.01
ZNF594	ZNF594	1418	Lambert_human_TFs	v1.01
ZNF595	ZNF595	1419	Lambert_human_TFs	v1.01
ZNF596	ZNF596	1420	Lambert_human_TFs	v1.01
ZNF597	ZNF597	1421	Lambert_human_TFs	v1.01
ZNF598	ZNF598	1422	Lambert_human_TFs	v1.01
ZNF599	ZNF599	1423	Lambert_human_TFs	v1.01
ZNF600	ZNF600	1424	Lambert_human_TFs	v1.01
ZNF605	ZNF605	1425	Lambert_human_TFs	v1.01
ZNF606	ZNF606	1426	Lambert_human_TFs	v1.01
ZNF607	ZNF607	1427	Lambert_human_TFs	v1.01
ZNF608	ZNF608	1428	Lambert_human_TFs	v1.01
ZNF609	ZNF609	1429	Lambert_human_TFs	v1.01
ZNF610	ZNF610	1430	Lambert_human_TFs	v1.01
ZNF611	ZNF611	1431	Lambert_human_TFs	v1.01
ZNF613	ZNF613	1432	Lambert_human_TFs	v1.01
ZNF614	ZNF614	1433	Lambert_human_TFs	v1.01
ZNF615	ZNF615	1434	Lambert_human_TFs	v1.01
ZNF616	ZNF616	1435	Lambert_human_TFs	v1.01
ZNF618	ZNF618	1436	Lambert_human_TFs	v1.01
ZNF619	ZNF619	1437	Lambert_human_TFs	v1.01
ZNF620	ZNF620	1438	Lambert_human_TFs	v1.01
ZNF621	ZNF621	1439	Lambert_human_TFs	v1.01
ZNF623	ZNF623	1440	Lambert_human_TFs	v1.01
ZNF624	ZNF624	1441	Lambert_human_TFs	v1.01
ZNF625	ZNF625	1442	Lambert_human_TFs	v1.01
ZNF626	ZNF626	1443	Lambert_human_TFs	v1.01
ZNF627	ZNF627	1444	Lambert_human_TFs	v1.01
ZNF628	ZNF628	1445	Lambert_human_TFs	v1.01
ZNF629	ZNF629	1446	Lambert_human_TFs	v1.01
ZNF630	ZNF630	1447	Lambert_human_TFs	v1.01
ZNF639	ZNF639	1448	Lambert_human_TFs	v1.01
ZNF641	ZNF641	1449	Lambert_human_TFs	v1.01
ZNF644	ZNF644	1450	Lambert_human_TFs	v1.01
ZNF645	ZNF645	1451	Lambert_human_TFs	v1.01
ZNF646	ZNF646	1452	Lambert_human_TFs	v1.01
ZNF648	ZNF648	1453	Lambert_human_TFs	v1.01
ZNF649	ZNF649	1454	Lambert_human_TFs	v1.01
ZNF652	ZNF652	1455	Lambert_human_TFs	v1.01
ZNF653	ZNF653	1456	Lambert_human_TFs	v1.01
ZNF654	ZNF654	1457	Lambert_human_TFs	v1.01
ZNF655	ZNF655	1458	Lambert_human_TFs	v1.01
ZNF658	ZNF658	1459	Lambert_human_TFs	v1.01
ZNF66	ZNF66	1460	Lambert_human_TFs	v1.01
ZNF660	ZNF660	1461	Lambert_human_TFs	v1.01
ZNF662	ZNF662	1462	Lambert_human_TFs	v1.01
ZNF664	ZNF664	1463	Lambert_human_TFs	v1.01
ZNF665	ZNF665	1464	Lambert_human_TFs	v1.01
ZNF667	ZNF667	1465	Lambert_human_TFs	v1.01
ZNF668	ZNF668	1466	Lambert_human_TFs	v1.01
ZNF669	ZNF669	1467	Lambert_human_TFs	v1.01
ZNF670	ZNF670	1468	Lambert_human_TFs	v1.01
ZNF671	ZNF671	1469	Lambert_human_TFs	v1.01
ZNF672	ZNF672	1470	Lambert_human_TFs	v1.01
ZNF674	ZNF674	1471	Lambert_human_TFs	v1.01
ZNF675	ZNF675	1472	Lambert_human_TFs	v1.01
ZNF676	ZNF676	1473	Lambert_human_TFs	v1.01
ZNF677	ZNF677	1474	Lambert_human_TFs	v1.01
ZNF678	ZNF678	1475	Lambert_human_TFs	v1.01
ZNF679	ZNF679	1476	Lambert_human_TFs	v1.01
ZNF680	ZNF680	1477	Lambert_human_TFs	v1.01
ZNF681	ZNF681	1478	Lambert_human_TFs	v1.01
ZNF682	ZNF682	1479	Lambert_human_TFs	v1.01
ZNF683	ZNF683	1480	Lambert_human_TFs	v1.01
ZNF684	ZNF684	1481	Lambert_human_TFs	v1.01
ZNF687	ZNF687	1482	Lambert_human_TFs	v1.01
ZNF688	ZNF688	1483	Lambert_human_TFs	v1.01
ZNF689	ZNF689	1484	Lambert_human_TFs	v1.01
ZNF69	ZNF69	1485	Lambert_human_TFs	v1.01
ZNF691	ZNF691	1486	Lambert_human_TFs	v1.01
ZNF692	ZNF692	1487	Lambert_human_TFs	v1.01
ZNF695	ZNF695	1488	Lambert_human_TFs	v1.01
ZNF696	ZNF696	1489	Lambert_human_TFs	v1.01
ZNF697	ZNF697	1490	Lambert_human_TFs	v1.01
ZNF699	ZNF699	1491	Lambert_human_TFs	v1.01
ZNF7	ZNF7	1492	Lambert_human_TFs	v1.01
ZNF70	ZNF70	1493	Lambert_human_TFs	v1.01
ZNF700	ZNF700	1494	Lambert_human_TFs	v1.01
ZNF701	ZNF701	1495	Lambert_human_TFs	v1.01
ZNF703	ZNF703	1496	Lambert_human_TFs	v1.01
ZNF704	ZNF704	1497	Lambert_human_TFs	v1.01
ZNF705A	ZNF705A	1498	Lambert_human_TFs	v1.01
ZNF705B	ZNF705B	1499	Lambert_human_TFs	v1.01
ZNF705D	ZNF705D	1500	Lambert_human_TFs	v1.01
ZNF705E	ZNF705E	1501	Lambert_human_TFs	v1.01
ZNF705G	ZNF705G	1502	Lambert_human_TFs	v1.01
ZNF706	ZNF706	1503	Lambert_human_TFs	v1.01
ZNF707	ZNF707	1504	Lambert_human_TFs	v1.01
ZNF708	ZNF708	1505	Lambert_human_TFs	v1.01
ZNF709	ZNF709	1506	Lambert_human_TFs	v1.01
ZNF71	ZNF71	1507	Lambert_human_TFs	v1.01
ZNF710	ZNF710	1508	Lambert_human_TFs	v1.01
ZNF711	ZNF711	1509	Lambert_human_TFs	v1.01
ZNF713	ZNF713	1510	Lambert_human_TFs	v1.01
ZNF714	ZNF714	1511	Lambert_human_TFs	v1.01
ZNF716	ZNF716	1512	Lambert_human_TFs	v1.01
ZNF717	ZNF717	1513	Lambert_human_TFs	v1.01
ZNF718	ZNF718	1514	Lambert_human_TFs	v1.01
ZNF721	ZNF721	1515	Lambert_human_TFs	v1.01
ZNF724	ZNF724	1516	Lambert_human_TFs	v1.01
ZNF726	ZNF726	1517	Lambert_human_TFs	v1.01
ZNF727	ZNF727	1518	Lambert_human_TFs	v1.01
ZNF728	ZNF728	1519	Lambert_human_TFs	v1.01
ZNF729	ZNF729	1520	Lambert_human_TFs	v1.01
ZNF730	ZNF730	1521	Lambert_human_TFs	v1.01
ZNF732	ZNF732	1522	Lambert_human_TFs	v1.01
ZNF735	ZNF735	1523	Lambert_human_TFs	v1.01
ZNF736	ZNF736	1524	Lambert_human_TFs	v1.01
ZNF737	ZNF737	1525	Lambert_human_TFs	v1.01
ZNF74	ZNF74	1526	Lambert_human_TFs	v1.01
ZNF740	ZNF740	1527	Lambert_human_TFs	v1.01
ZNF746	ZNF746	1528	Lambert_human_TFs	v1.01
ZNF747	ZNF747	1529	Lambert_human_TFs	v1.01
ZNF749	ZNF749	1530	Lambert_human_TFs	v1.01
ZNF750	ZNF750	1531	Lambert_human_TFs	v1.01
ZNF75A	ZNF75A	1532	Lambert_human_TFs	v1.01
ZNF75D	ZNF75D	1533	Lambert_human_TFs	v1.01
ZNF76	ZNF76	1534	Lambert_human_TFs	v1.01
ZNF761	ZNF761	1535	Lambert_human_TFs	v1.01
ZNF763	ZNF763	1536	Lambert_human_TFs	v1.01
ZNF764	ZNF764	1537	Lambert_human_TFs	v1.01
ZNF765	ZNF765	1538	Lambert_human_TFs	v1.01
ZNF766	ZNF766	1539	Lambert_human_TFs	v1.01
ZNF768	ZNF768	1540	Lambert_human_TFs	v1.01
ZNF77	ZNF77	1541	Lambert_human_TFs	v1.01
ZNF770	ZNF770	1542	Lambert_human_TFs	v1.01
ZNF771	ZNF771	1543	Lambert_human_TFs	v1.01
ZNF772	ZNF772	1544	Lambert_human_TFs	v1.01
ZNF773	ZNF773	1545	Lambert_human_TFs	v1.01
ZNF774	ZNF774	1546	Lambert_human_TFs	v1.01
ZNF775	ZNF775	1547	Lambert_human_TFs	v1.01
ZNF776	ZNF776	1548	Lambert_human_TFs	v1.01
ZNF777	ZNF777	1549	Lambert_human_TFs	v1.01
ZNF778	ZNF778	1550	Lambert_human_TFs	v1.01
ZNF780A	ZNF780A	1551	Lambert_human_TFs	v1.01
ZNF780B	ZNF780B	1552	Lambert_human_TFs	v1.01
ZNF781	ZNF781	1553	Lambert_human_TFs	v1.01
ZNF782	ZNF782	1554	Lambert_human_TFs	v1.01
ZNF783	ZNF783	1555	Lambert_human_TFs	v1.01
ZNF784	ZNF784	1556	Lambert_human_TFs	v1.01
ZNF785	ZNF785	1557	Lambert_human_TFs	v1.01
ZNF786	ZNF786	1558	Lambert_human_TFs	v1.01
ZNF787	ZNF787	1559	Lambert_human_TFs	v1.01
ZNF788	ZNF788	1560	Lambert_human_TFs	v1.01
ZNF789	ZNF789	1561	Lambert_human_TFs	v1.01
ZNF79	ZNF79	1562	Lambert_human_TFs	v1.01
ZNF790	ZNF790	1563	Lambert_human_TFs	v1.01
ZNF791	ZNF791	1564	Lambert_human_TFs	v1.01
ZNF792	ZNF792	1565	Lambert_human_TFs	v1.01
ZNF793	ZNF793	1566	Lambert_human_TFs	v1.01
ZNF799	ZNF799	1567	Lambert_human_TFs	v1.01
ZNF8	ZNF8	1568	Lambert_human_TFs	v1.01
ZNF80	ZNF80	1569	Lambert_human_TFs	v1.01
ZNF800	ZNF800	1570	Lambert_human_TFs	v1.01
ZNF804A	ZNF804A	1571	Lambert_human_TFs	v1.01
ZNF804B	ZNF804B	1572	Lambert_human_TFs	v1.01
ZNF805	ZNF805	1573	Lambert_human_TFs	v1.01
ZNF808	ZNF808	1574	Lambert_human_TFs	v1.01
ZNF81	ZNF81	1575	Lambert_human_TFs	v1.01
ZNF813	ZNF813	1576	Lambert_human_TFs	v1.01
ZNF814	ZNF814	1577	Lambert_human_TFs	v1.01
ZNF816	ZNF816	1578	Lambert_human_TFs	v1.01
ZNF821	ZNF821	1579	Lambert_human_TFs	v1.01
ZNF823	ZNF823	1580	Lambert_human_TFs	v1.01
ZNF827	ZNF827	1581	Lambert_human_TFs	v1.01
ZNF829	ZNF829	1582	Lambert_human_TFs	v1.01
ZNF83	ZNF83	1583	Lambert_human_TFs	v1.01
ZNF830	ZNF830	1584	Lambert_human_TFs	v1.01
ZNF831	ZNF831	1585	Lambert_human_TFs	v1.01
ZNF835	ZNF835	1586	Lambert_human_TFs	v1.01
ZNF836	ZNF836	1587	Lambert_human_TFs	v1.01
ZNF837	ZNF837	1588	Lambert_human_TFs	v1.01
ZNF84	ZNF84	1589	Lambert_human_TFs	v1.01
ZNF841	ZNF841	1590	Lambert_human_TFs	v1.01
ZNF843	ZNF843	1591	Lambert_human_TFs	v1.01
ZNF844	ZNF844	1592	Lambert_human_TFs	v1.01
ZNF845	ZNF845	1593	Lambert_human_TFs	v1.01
ZNF846	ZNF846	1594	Lambert_human_TFs	v1.01
ZNF85	ZNF85	1595	Lambert_human_TFs	v1.01
ZNF850	ZNF850	1596	Lambert_human_TFs	v1.01
ZNF852	ZNF852	1597	Lambert_human_TFs	v1.01
ZNF853	ZNF853	1598	Lambert_human_TFs	v1.01
ZNF860	ZNF860	1599	Lambert_human_TFs	v1.01
ZNF865	ZNF865	1600	Lambert_human_TFs	v1.01
ZNF878	ZNF878	1601	Lambert_human_TFs	v1.01
ZNF879	ZNF879	1602	Lambert_human_TFs	v1.01
ZNF880	ZNF880	1603	Lambert_human_TFs	v1.01
ZNF883	ZNF883	1604	Lambert_human_TFs	v1.01
ZNF888	ZNF888	1605	Lambert_human_TFs	v1.01
ZNF891	ZNF891	1606	Lambert_human_TFs	v1.01
ZNF90	ZNF90	1607	Lambert_human_TFs	v1.01
ZNF91	ZNF91	1608	Lambert_human_TFs	v1.01
ZNF92	ZNF92	1609	Lambert_human_TFs	v1.01
ZNF93	ZNF93	1610	Lambert_human_TFs	v1.01
ZNF98	ZNF98	1611	Lambert_human_TFs	v1.01
ZNF99	ZNF99	1612	Lambert_human_TFs	v1.01
ZSCAN1	ZSCAN1	1613	Lambert_human_TFs	v1.01
ZSCAN10	ZSCAN10	1614	Lambert_human_TFs	v1.01
ZSCAN12	ZSCAN12	1615	Lambert_human_TFs	v1.01
ZSCAN16	ZSCAN16	1616	Lambert_human_TFs	v1.01
ZSCAN18	ZSCAN18	1617	Lambert_human_TFs	v1.01
ZSCAN2	ZSCAN2	1618	Lambert_human_TFs	v1.01
ZSCAN20	ZSCAN20	1619	Lambert_human_TFs	v1.01
ZSCAN21	ZSCAN21	1620	Lambert_human_TFs	v1.01
ZSCAN22	ZSCAN22	1621	Lambert_human_TFs	v1.01
ZSCAN23	ZSCAN23	1622	Lambert_human_TFs	v1.01
ZSCAN25	ZSCAN25	1623	Lambert_human_TFs	v1.01
ZSCAN26	ZSCAN26	1624	Lambert_human_TFs	v1.01
ZSCAN29	ZSCAN29	1625	Lambert_human_TFs	v1.01
ZSCAN30	ZSCAN30	1626	Lambert_human_TFs	v1.01
ZSCAN31	ZSCAN31	1627	Lambert_human_TFs	v1.01
ZSCAN32	ZSCAN32	1628	Lambert_human_TFs	v1.01
ZSCAN4	ZSCAN4	1629	Lambert_human_TFs	v1.01
ZSCAN5A	ZSCAN5A	1630	Lambert_human_TFs	v1.01
ZSCAN5B	ZSCAN5B	1631	Lambert_human_TFs	v1.01
ZSCAN5C	ZSCAN5C	1632	Lambert_human_TFs	v1.01
ZSCAN9	ZSCAN9	1633	Lambert_human_TFs	v1.01
ZUFSP	ZUFSP	1634	Lambert_human_TFs	v1.01
ZXDA	ZXDA	1635	Lambert_human_TFs	v1.01
ZXDB	ZXDB	1636	Lambert_human_TFs	v1.01
ZXDC	ZXDC	1637	Lambert_human_TFs	v1.01
ZZZ3	ZZZ3	1638	Lambert_human_TFs	v1.01
