tf_index	tf_symbol	rna_var_name	catalogue_index	reference_name	reference_version
0	AHR	AHR	10	Lambert_human_TFs	v1.01
1	AR	AR	21	Lambert_human_TFs	v1.01
2	ARID3A	ARID3A	25	Lambert_human_TFs	v1.01
3	ARID5B	ARID5B	29	Lambert_human_TFs	v1.01
4	ARNTL2	ARNTL2	33	Lambert_human_TFs	v1.01
5	ATF1	ATF1	41	Lambert_human_TFs	v1.01
6	ATF3	ATF3	43	Lambert_human_TFs	v1.01
7	BACH1	BACH1	53	Lambert_human_TFs	v1.01
8	BACH2	BACH2	54	Lambert_human_TFs	v1.01
9	BATF3	BATF3	61	Lambert_human_TFs	v1.01
10	BAZ2B	BAZ2B	63	Lambert_human_TFs	v1.01
11	BCL11A	BCL11A	65	Lambert_human_TFs	v1.01
12	BCL6	BCL6	67	Lambert_human_TFs	v1.01
13	BHLHE41	BHLHE41	74	Lambert_human_TFs	v1.01
14	BNC2	BNC2	76	Lambert_human_TFs	v1.01
15	CBX2	CBX2	86	Lambert_human_TFs	v1.01
16	CEBPA	CEBPA	94	Lambert_human_TFs	v1.01
17	CEBPB	CEBPB	95	Lambert_human_TFs	v1.01
18	CEBPD	CEBPD	96	Lambert_human_TFs	v1.01
19	CPEB1	CPEB1	111	Lambert_human_TFs	v1.01
20	CREB5	CREB5	119	Lambert_human_TFs	v1.01
21	CUX2	CUX2	130	Lambert_human_TFs	v1.01
22	CXXC5	CXXC5	133	Lambert_human_TFs	v1.01
23	DACH1	DACH1	134	Lambert_human_TFs	v1.01
24	E2F1	E2F1	170	Lambert_human_TFs	v1.01
25	E2F2	E2F2	171	Lambert_human_TFs	v1.01
26	E2F7	E2F7	176	Lambert_human_TFs	v1.01
27	E2F8	E2F8	177	Lambert_human_TFs	v1.01
28	EBF1	EBF1	179	Lambert_human_TFs	v1.01
29	EGR1	EGR1	184	Lambert_human_TFs	v1.01
30	EPAS1	EPAS1	202	Lambert_human_TFs	v1.01
31	ERG	ERG	204	Lambert_human_TFs	v1.01
32	ESR1	ESR1	205	Lambert_human_TFs	v1.01
33	ESRRB	ESRRB	208	Lambert_human_TFs	v1.01
34	ETV3L	ETV3L	216	Lambert_human_TFs	v1.01
35	ETV6	ETV6	219	Lambert_human_TFs	v1.01
36	FOS	FOS	234	Lambert_human_TFs	v1.01
37	FOSB	FOSB	235	Lambert_human_TFs	v1.01
38	FOSL1	FOSL1	236	Lambert_human_TFs	v1.01
39	FOXJ1	FOXJ1	263	Lambert_human_TFs	v1.01
40	FOXN2	FOXN2	272	Lambert_human_TFs	v1.01
41	FOXO3	FOXO3	276	Lambert_human_TFs	v1.01
42	FOXP3	FOXP3	281	Lambert_human_TFs	v1.01
43	GATA1	GATA1	288	Lambert_human_TFs	v1.01
44	GATA2	GATA2	289	Lambert_human_TFs	v1.01
45	GATA3	GATA3	290	Lambert_human_TFs	v1.01
46	GLIS1	GLIS1	306	Lambert_human_TFs	v1.01
47	GLIS3	GLIS3	308	Lambert_human_TFs	v1.01
48	HDX	HDX	332	Lambert_human_TFs	v1.01
49	HES1	HES1	334	Lambert_human_TFs	v1.01
50	HES4	HES4	337	Lambert_human_TFs	v1.01
51	HESX1	HESX1	341	Lambert_human_TFs	v1.01
52	HIF1A	HIF1A	348	Lambert_human_TFs	v1.01
53	HIVEP3	HIVEP3	353	Lambert_human_TFs	v1.01
54	HMGA2	HMGA2	361	Lambert_human_TFs	v1.01
55	HOXA6	HOXA6	379	Lambert_human_TFs	v1.01
56	HOXA7	HOXA7	380	Lambert_human_TFs	v1.01
57	IKZF2	IKZF2	419	Lambert_human_TFs	v1.01
58	IRF4	IRF4	428	Lambert_human_TFs	v1.01
59	IRF7	IRF7	431	Lambert_human_TFs	v1.01
60	IRF8	IRF8	432	Lambert_human_TFs	v1.01
61	JAZF1	JAZF1	443	Lambert_human_TFs	v1.01
62	JDP2	JDP2	444	Lambert_human_TFs	v1.01
63	JUN	JUN	447	Lambert_human_TFs	v1.01
64	KLF1	KLF1	457	Lambert_human_TFs	v1.01
65	KLF4	KLF4	468	Lambert_human_TFs	v1.01
66	KLF5	KLF5	469	Lambert_human_TFs	v1.01
67	L3MBTL4	L3MBTL4	478	Lambert_human_TFs	v1.01
68	LEF1	LEF1	483	Lambert_human_TFs	v1.01
69	MAF	MAF	500	Lambert_human_TFs	v1.01
70	MAFB	MAFB	502	Lambert_human_TFs	v1.01
71	MECOM	MECOM	514	Lambert_human_TFs	v1.01
72	MEF2C	MEF2C	518	Lambert_human_TFs	v1.01
73	MEIS1	MEIS1	520	Lambert_human_TFs	v1.01
74	MITF	MITF	528	Lambert_human_TFs	v1.01
75	MIXL1	MIXL1	529	Lambert_human_TFs	v1.01
76	MXD1	MXD1	549	Lambert_human_TFs	v1.01
77	MYB	MYB	553	Lambert_human_TFs	v1.01
78	MYBL1	MYBL1	554	Lambert_human_TFs	v1.01
79	MYBL2	MYBL2	555	Lambert_human_TFs	v1.01
80	NFATC4	NFATC4	590	Lambert_human_TFs	v1.01
81	NFIA	NFIA	596	Lambert_human_TFs	v1.01
82	NFIL3	NFIL3	599	Lambert_human_TFs	v1.01
83	NPAS1	NPAS1	628	Lambert_human_TFs	v1.01
84	NPAS2	NPAS2	629	Lambert_human_TFs	v1.01
85	NPAS3	NPAS3	630	Lambert_human_TFs	v1.01
86	NR3C2	NR3C2	648	Lambert_human_TFs	v1.01
87	NR4A1	NR4A1	649	Lambert_human_TFs	v1.01
88	NR4A2	NR4A2	650	Lambert_human_TFs	v1.01
89	NR4A3	NR4A3	651	Lambert_human_TFs	v1.01
90	NR6A1	NR6A1	654	Lambert_human_TFs	v1.01
91	PAX5	PAX5	677	Lambert_human_TFs	v1.01
92	PBX1	PBX1	682	Lambert_human_TFs	v1.01
93	PBX3	PBX3	684	Lambert_human_TFs	v1.01
94	PLAGL1	PLAGL1	704	Lambert_human_TFs	v1.01
95	PLSCR1	PLSCR1	706	Lambert_human_TFs	v1.01
96	POU2AF1	POU2AF1	709	Lambert_human_TFs	v1.01
97	POU2F2	POU2F2	711	Lambert_human_TFs	v1.01
98	POU6F2	POU6F2	724	Lambert_human_TFs	v1.01
99	PPARA	PPARA	725	Lambert_human_TFs	v1.01
100	PPARG	PPARG	727	Lambert_human_TFs	v1.01
101	PRDM1	PRDM1	728	Lambert_human_TFs	v1.01
102	PRDM5	PRDM5	737	Lambert_human_TFs	v1.01
103	RFX2	RFX2	771	Lambert_human_TFs	v1.01
104	RFX8	RFX8	777	Lambert_human_TFs	v1.01
105	RORA	RORA	782	Lambert_human_TFs	v1.01
106	RUNX2	RUNX2	787	Lambert_human_TFs	v1.01
107	RXRA	RXRA	789	Lambert_human_TFs	v1.01
108	SCMH1	SCMH1	800	Lambert_human_TFs	v1.01
109	SETBP1	SETBP1	806	Lambert_human_TFs	v1.01
110	SIM2	SIM2	813	Lambert_human_TFs	v1.01
111	SMAD1	SMAD1	825	Lambert_human_TFs	v1.01
112	SMYD3	SMYD3	830	Lambert_human_TFs	v1.01
113	SOX10	SOX10	841	Lambert_human_TFs	v1.01
114	SOX4	SOX4	853	Lambert_human_TFs	v1.01
115	SOX5	SOX5	854	Lambert_human_TFs	v1.01
116	SPI1	SPI1	874	Lambert_human_TFs	v1.01
117	SPIB	SPIB	875	Lambert_human_TFs	v1.01
118	ST18	ST18	883	Lambert_human_TFs	v1.01
119	STAT4	STAT4	887	Lambert_human_TFs	v1.01
120	TAL1	TAL1	892	Lambert_human_TFs	v1.01
121	TBX21	TBX21	905	Lambert_human_TFs	v1.01
122	TCF4	TCF4	918	Lambert_human_TFs	v1.01
123	TCF7L1	TCF7L1	920	Lambert_human_TFs	v1.01
124	TCF7L2	TCF7L2	921	Lambert_human_TFs	v1.01
125	TET2	TET2	932	Lambert_human_TFs	v1.01
126	TET3	TET3	933	Lambert_human_TFs	v1.01
127	TFDP2	TFDP2	943	Lambert_human_TFs	v1.01
128	TFEC	TFEC	947	Lambert_human_TFs	v1.01
129	THRB	THRB	965	Lambert_human_TFs	v1.01
130	TP63	TP63	980	Lambert_human_TFs	v1.01
131	TRPS1	TRPS1	985	Lambert_human_TFs	v1.01
132	TSHZ2	TSHZ2	988	Lambert_human_TFs	v1.01
133	TSHZ3	TSHZ3	989	Lambert_human_TFs	v1.01
134	VDR	VDR	1000	Lambert_human_TFs	v1.01
135	XBP1	XBP1	1007	Lambert_human_TFs	v1.01
136	YBX3	YBX3	1011	Lambert_human_TFs	v1.01
137	ZBTB16	ZBTB16	1026	Lambert_human_TFs	v1.01
138	ZBTB46	ZBTB46	1050	Lambert_human_TFs	v1.01
139	ZEB2	ZEB2	1064	Lambert_human_TFs	v1.01
140	ZFAT	ZFAT	1065	Lambert_human_TFs	v1.01
141	ZFHX3	ZFHX3	1067	Lambert_human_TFs	v1.01
142	ZFP64	ZFP64	1080	Lambert_human_TFs	v1.01
143	ZMAT4	ZMAT4	1112	Lambert_human_TFs	v1.01
144	ZNF16	ZNF16	1140	Lambert_human_TFs	v1.01
145	ZNF235	ZNF235	1185	Lambert_human_TFs	v1.01
146	ZNF331	ZNF331	1241	Lambert_human_TFs	v1.01
147	ZNF365	ZNF365	1261	Lambert_human_TFs	v1.01
148	ZNF366	ZNF366	1262	Lambert_human_TFs	v1.01
149	ZNF385D	ZNF385D	1271	Lambert_human_TFs	v1.01
150	ZNF438	ZNF438	1301	Lambert_human_TFs	v1.01
151	ZNF462	ZNF462	1317	Lambert_human_TFs	v1.01
152	ZNF503	ZNF503	1343	Lambert_human_TFs	v1.01
153	ZNF521	ZNF521	1357	Lambert_human_TFs	v1.01
154	ZNF532	ZNF532	1365	Lambert_human_TFs	v1.01
155	ZNF608	ZNF608	1428	Lambert_human_TFs	v1.01
156	ZNF676	ZNF676	1473	Lambert_human_TFs	v1.01
157	ZNF683	ZNF683	1480	Lambert_human_TFs	v1.01
158	ZNF695	ZNF695	1488	Lambert_human_TFs	v1.01
159	ZNF703	ZNF703	1496	Lambert_human_TFs	v1.01
160	ZNF710	ZNF710	1508	Lambert_human_TFs	v1.01
161	ZNF713	ZNF713	1510	Lambert_human_TFs	v1.01
162	ZNF80	ZNF80	1569	Lambert_human_TFs	v1.01
163	ZNF804A	ZNF804A	1571	Lambert_human_TFs	v1.01
164	ZNF821	ZNF821	1579	Lambert_human_TFs	v1.01
165	ZSCAN5A	ZSCAN5A	1630	Lambert_human_TFs	v1.01
