cell_id,total_counts,n_genes_by_counts,pct_counts_mt,doublet_score,predicted_doublet,pass_rna_qc
AAACCGCGTACTTCAC-1,10327.0,3919,12.307544,0.3881204231082177,True,True
AAACCGGCACATTAAC-1,10243.0,3989,8.561945,0.311584553928096,True,True
AAACGGATCATGGCTG-1,4382.0,2057,10.109539,0.1815920398009949,True,True
AAAGCAAGTTAACGGC-1,4662.0,2201,12.312312,0.3338058114812188,True,True
AAAGCACCACAATTAC-1,16062.0,4661,12.987174,0.2743467933491688,True,True
AAAGCCCGTCACAGAC-1,11811.0,3976,8.060283,0.2919020715630885,True,True
AAAGCCGCACATAACT-1,9647.0,3547,11.827512,0.311584553928096,True,True
AAAGCGGGTAAGGTCC-1,7166.0,3012,14.178063,0.421792618629174,True,True
AAAGGAGCATTGTGAT-1,5274.0,2372,11.281759,0.2443729903536976,True,True
AAAGGTTAGGTTACGT-1,6738.0,2917,8.563372,0.3338058114812188,True,True
AAATCCGGTCATAACG-1,10496.0,3758,14.967607,0.2585915492957747,True,True
AACAAAGGTCCTAAGA-1,9030.0,3606,10.60908,0.2919020715630885,True,True
AACAAGCCAACCTAAT-1,8851.0,3355,11.89696,0.3881204231082177,True,True
AACAGGATCAACAAGG-1,8686.0,3358,6.7234626,0.311584553928096,True,True
AACATAGCACCAAAGG-1,10879.0,3912,9.899807,0.2585915492957747,True,True
AACATCATCCGTGACA-1,3337.0,1494,15.103386,0.3338058114812188,True,False
AACCCGCAGGCGGATG-1,10373.0,3837,12.677142,0.3338058114812188,True,True
AACCGCTCACTTAACG-1,7106.0,2763,10.287082,0.1815920398009949,True,True
AACCGCTCATGTCAGC-1,13183.0,4259,16.12683,0.3338058114812188,True,False
AACCGGCTCAGGCCTA-1,9570.0,3687,12.549634,0.4613180515759315,True,True
AACGACAAGCAAGGGT-1,9312.0,3479,16.698883,0.3881204231082177,True,False
AACGGTAAGCTAAAGG-1,8233.0,3229,6.4860926,0.3338058114812188,True,True
AACTACTCATAACGGG-1,7099.0,2808,7.1981964,0.2919020715630885,True,True
AACTGTTCAACAGCCT-1,9747.0,3571,7.5920796,0.2197265624999999,True,True
AAGAATCAGTGAGCGG-1,6611.0,2807,13.6288,0.2919020715630885,True,True
AAGACATAGGGCCATC-1,6562.0,2731,12.282841,0.3590909090909092,True,True
AAGACCAAGTCGCAAT-1,12449.0,4091,16.21817,0.2585915492957747,True,False
AAGACCAAGTTTGGGT-1,5247.0,2472,7.8521056,0.2314767501277466,True,True
AAGCATGAGAGAGCCG-1,5277.0,2321,8.053819,0.2197265624999999,True,True
AAGCCTGTCGCAAACT-1,19257.0,5513,11.756763,0.2919020715630885,True,True
AAGCCTTAGGCCTTAG-1,6159.0,2605,16.0578,0.421792618629174,True,False
AAGCGAGGTAGTAAGA-1,7708.0,3107,11.728074,0.5083682008368199,True,True
AAGCGCTGTGTGCACG-1,2614.0,1253,13.198164,0.2443729903536976,True,True
AAGCTCCCACAACAAA-1,6394.0,2817,9.743509,0.3590909090909092,True,True
AAGGATCCACCTACTT-1,7497.0,3199,8.043218,0.2585915492957747,True,True
AAGTGAAGTTTACCGT-1,391.0,320,0.7672635,0.2443729903536976,True,True
AAGTTACGTAATGACT-1,4209.0,1955,9.289618,0.2197265624999999,True,True
AAGTTAGCACATAGCC-1,3811.0,1807,7.898189,0.1991031390134529,True,True
AAGTTTGTCACATTGA-1,6814.0,2827,8.02759,0.1815920398009949,True,True
AATAGAGGTATCTGGA-1,3280.0,1617,9.573171,0.2314767501277466,True,True
AATAGCTGTCGCGCAA-1,5928.0,2529,14.861673,0.2919020715630885,True,True
AATAGCTGTGGAAGGC-1,6827.0,2928,9.945803,0.311584553928096,True,True
AATAGCTGTTTACCGT-1,10321.0,3699,6.8210444,0.3590909090909092,True,True
AATCAGGAGCTAAAGG-1,6248.0,2641,11.059539,0.208976157082749,True,True
AATCATCCACGTAAGG-1,9802.0,3091,6.6823096,0.3590909090909092,True,True
AATCCGTAGACAGGCG-1,9425.0,3555,9.877984,0.3590909090909092,True,True
AATGCATGTATTGCAG-1,2782.0,1505,8.806614,0.2743467933491688,True,True
AATGGCGCAGCAACCT-1,3671.0,1747,6.8373737,0.2197265624999999,True,True
AATGTCCAGGTCATTA-1,10701.0,3835,11.727877,0.2197265624999999,True,True
AATTACCCACTAGCGT-1,1182.0,629,32.402706,0.1815920398009949,True,False
AATTGACGTCACGAAC-1,9175.0,3647,9.689374,0.3590909090909092,True,True
AATTGACGTGCATCGG-1,7482.0,3066,13.205026,0.3338058114812188,True,True
AATTGCCAGCTGTAAC-1,9359.0,3714,4.722727,0.3590909090909092,True,True
AATTGCTCATAATTGC-1,4081.0,2053,6.4690022,0.208976157082749,True,True
AATTGCTCATTAAAGG-1,4571.0,1991,17.020346,0.3590909090909092,True,False
AATTGGACAACCTGGT-1,6973.0,2915,9.579807,0.2743467933491688,True,True
AATTTCCTCATGAGCT-1,6367.0,2520,11.104131,0.421792618629174,True,True
ACAACATGTTTAACCC-1,11934.0,3607,4.407575,0.2314767501277466,True,True
ACACTAGGTGAACAAA-1,12717.0,4364,10.772981,0.5653179190751447,True,True
ACACTTGCAGGCTAAG-1,8295.0,3123,11.091019,0.3590909090909092,True,True
ACAGCCGGTTGGCCGA-1,6846.0,2855,12.065439,0.2919020715630885,True,True
ACAGGATCAGTAGGTG-1,7060.0,3036,13.48442,0.2919020715630885,True,True
ACAGGCTGTCAAGACC-1,9310.0,3612,12.674543,0.3590909090909092,True,True
ACATAGCTCCTAAGAC-1,7140.0,2984,12.408963,0.3881204231082177,True,True
ACATCATCAATTAGCT-1,9701.0,3632,17.235336,0.3590909090909092,True,False
ACATTGCAGGCAAGTA-1,8967.0,3534,15.76893,0.3338058114812188,True,False
ACATTGCAGTTAGCTA-1,8609.0,3331,13.938901,0.2314767501277466,True,True
ACCAAGCGTAGGTTGC-1,673.0,385,25.408617,0.3338058114812188,True,False
ACCAAGCGTGTAATAC-1,10516.0,3710,12.1814375,0.2197265624999999,True,True
ACCAAGTTCAGGTCCA-1,10383.0,3878,10.440143,0.2443729903536976,True,True
ACCACACCAACTGGCT-1,6488.0,2712,7.7219477,0.2585915492957747,True,True
ACCACACCACCACAAC-1,11468.0,3945,8.641437,0.3338058114812188,True,True
ACCCAACCATAATGAG-1,6774.0,2799,9.167404,0.2585915492957747,True,True
ACCCAGGGTCGACTAA-1,5563.0,2530,10.983282,0.311584553928096,True,True
ACCGCAATCGGCCAGT-1,3354.0,1653,8.407871,0.2197265624999999,True,True
ACCGGTTCAGCAACAG-1,3046.0,1565,9.290874,0.2585915492957747,True,True
ACCTACCTCAATGAGG-1,10522.0,3886,13.761642,0.3338058114812188,True,True
ACCTGGTCAATAGCAA-1,7285.0,2975,11.393273,0.311584553928096,True,True
ACCTTGTGTGTTTCAC-1,12778.0,4334,12.709345,0.2314767501277466,True,True
ACCTTGTGTTGCCTCA-1,7732.0,3049,7.5271597,0.3590909090909092,True,True
ACGAACAAGAATGACG-1,6708.0,2740,12.641623,0.5653179190751447,True,True
ACGAACAAGACACTTA-1,19727.0,5792,6.650783,0.311584553928096,True,True
ACGAACAAGCTATATG-1,8556.0,3392,9.782609,0.421792618629174,True,True
ACGAAGTCAAATTGCT-1,4794.0,2336,7.7805595,0.3590909090909092,True,True
ACGACAAAGTGAACGA-1,11668.0,4256,8.3390465,0.1991031390134529,True,True
ACGACTTAGCAAGGTA-1,6210.0,2907,5.458937,0.3881204231082177,True,True
ACGCCACAGGCTGTGC-1,4514.0,2285,13.845814,0.2197265624999999,True,True
ACGCCACAGTTAGAGG-1,7540.0,3016,15.822281,0.2743467933491688,True,False
ACGCCTAAGGATCCGC-1,12776.0,4343,11.685973,0.2314767501277466,True,True
ACGCCTTTCACAGCCA-1,7605.0,2952,5.6936226,0.1991031390134529,True,True
ACGCCTTTCAGCATTA-1,9712.0,3518,10.080313,0.3338058114812188,True,True
ACGCCTTTCCGGTATG-1,6655.0,2658,7.0773854,0.1991031390134529,True,True
ACGCTTGAGCGATACT-1,4293.0,2106,10.179361,0.2314767501277466,True,True
ACGGTTAGTCTTACTA-1,9100.0,3650,10.692307,0.2919020715630885,True,True
ACGGTTAGTTAACGAT-1,3982.0,1679,8.337519,0.2314767501277466,True,True
ACGGTTAGTTAATCGG-1,10264.0,3594,7.3070927,0.3590909090909092,True,True
ACGTACCCAAACTGTT-1,10207.0,3587,13.510336,0.2743467933491688,True,True
ACGTACCCAGCATGAG-1,6352.0,2905,6.9741817,0.3338058114812188,True,True
ACGTACCCAGGGAGCT-1,5704.0,2511,11.132538,0.3881204231082177,True,True
ACGTCCAAGCTCCTTA-1,5627.0,2177,22.569754,0.2743467933491688,True,False
ACGTTACAGCCATCAG-1,8203.0,3171,3.815677,0.2585915492957747,True,True
ACGTTGTAGTTTGCGG-1,4819.0,2267,11.599917,0.2443729903536976,True,True
ACTAACTCAAACAACA-1,10355.0,3902,10.622888,0.2743467933491688,True,True
ACTAACTCAGGAACCA-1,14017.0,4597,13.376615,0.421792618629174,True,True
ACTAATCCACTCGCTC-1,5901.0,2696,8.727334,0.208976157082749,True,True
ACTAGGCGTACTGAAT-1,3133.0,1603,11.6182575,0.1900043084877208,True,True
ACTATGTCATTGGGAG-1,5465.0,2446,10.942361,0.2743467933491688,True,True
ACTCCTCAGGCGGGTA-1,4813.0,2323,12.383129,0.2919020715630885,True,True
ACTCGCGCATTGTTGG-1,5675.0,2528,9.762115,0.311584553928096,True,True
ACTCGCTTCTATCGCC-1,6945.0,2813,12.138228,0.311584553928096,True,True
ACTGAATGTGGATGTC-1,8259.0,3222,8.596683,0.3590909090909092,True,True
ACTTACTTCGGTCAAT-1,4269.0,2263,5.739049,0.3881204231082177,True,True
ACTTAGTCAGTTAGCC-1,2548.0,1270,9.065934,0.1900043084877208,True,True
ACTTGTCGTTAAGCTG-1,12300.0,4265,17.666666,0.3881204231082177,True,False
ACTTTGTTCATGACCG-1,5742.0,2632,3.6050155,0.1900043084877208,True,True
AGAAACCCACTTGTTC-1,11360.0,3780,6.4876757,0.2585915492957747,True,True
AGAACAAGTTGCAATG-1,5662.0,2565,11.056164,0.2743467933491688,True,True
AGAACCAAGTCGCTAG-1,3287.0,1731,5.719501,0.1815920398009949,True,True
AGAATCTGTGAGGTAG-1,3511.0,1711,7.2059245,0.1900043084877208,True,True
AGAATCTGTGCGCGTA-1,6912.0,3077,12.398726,0.2919020715630885,True,True
AGACCCGGTCTAACCT-1,5094.0,2221,7.891637,0.2443729903536976,True,True
AGAGAAGCATGTCAAT-1,5382.0,2546,7.5436645,0.3338058114812188,True,True
AGAGATTAGGCTGTCA-1,3136.0,1489,10.905612,0.2197265624999999,True,True
AGAGGATGTGTGCACG-1,6509.0,2778,13.089569,0.311584553928096,True,True
AGATGCTTCGTTACTT-1,8621.0,3290,12.202761,0.311584553928096,True,True
AGCAAATAGGCGCACT-1,12454.0,4545,8.840533,0.311584553928096,True,True
AGCAAGGGTAATCACG-1,7698.0,3015,7.742271,0.1900043084877208,True,True
AGCAAGGGTGAAACAA-1,4463.0,2151,12.211517,0.2743467933491688,True,True
AGCACTAGTTAGCAGC-1,8593.0,3499,10.008146,0.3590909090909092,True,True
AGCAGGTAGGACAACA-1,9680.0,3730,13.894628,0.2743467933491688,True,True
AGCCGGTTCAGGTTTA-1,9310.0,3772,8.496241,0.3881204231082177,True,True
AGCCTAAGTGCTTACT-1,7791.0,3195,11.2822485,0.2197265624999999,True,True
AGCCTAGTCAAAGGCA-1,2503.0,1479,5.833,0.208976157082749,True,True
AGCCTAGTCATGCTTT-1,6368.0,2904,7.035176,0.311584553928096,True,True
AGCCTCCGTAGCTGGT-1,5209.0,2495,8.75408,0.2443729903536976,True,True
AGCGCTCAGTCAATCA-1,3408.0,1683,11.267606,0.1815920398009949,True,True
AGCGGATAGGAGGCAT-1,9500.0,3551,12.863157,0.3590909090909092,True,True
AGCGGATAGGTTACAC-1,6244.0,2675,15.743114,0.3590909090909092,True,False
AGCGTGCTCTTCAATC-1,9189.0,3393,9.903145,0.3881204231082177,True,True
AGCTAGTTCGCTTCTA-1,8574.0,3342,10.53184,0.3881204231082177,True,True
AGCTGCTCACAGCCTG-1,7973.0,3035,8.415904,0.3881204231082177,True,True
AGCTGCTCACATTAAC-1,6565.0,2810,12.383854,0.2443729903536976,True,True
AGCTTAATCGGTTTGG-1,11865.0,4313,12.583227,0.311584553928096,True,True
AGCTTGGTCCTGTTCA-1,3333.0,1772,7.110711,0.1815920398009949,True,True
AGCTTGGTCGACCTGA-1,6083.0,2749,10.997863,0.1991031390134529,True,True
AGCTTGGTCTCACAAA-1,9224.0,3674,6.732437,0.3590909090909092,True,True
AGCTTTAAGAAGCTAG-1,9713.0,3487,15.546176,0.3338058114812188,True,False
AGGAAACGTAATTAGC-1,4289.0,2030,5.665656,0.2314767501277466,True,True
AGGAAACGTTGTAACG-1,6579.0,2807,13.725491,0.3338058114812188,True,True
AGGACGTAGATAACCC-1,11847.0,3997,7.605301,0.2743467933491688,True,True
AGGAGCTAGTATTGTG-1,5488.0,2572,11.279155,0.3338058114812188,True,True
AGGAGCTAGTTAGACC-1,4521.0,1795,7.3877463,0.3881204231082177,True,True
AGGATATAGGCATGTT-1,15322.0,5019,12.048036,0.2919020715630885,True,True
AGGATCCGTTAACAGT-1,7608.0,3015,9.897476,0.2919020715630885,True,True
AGGATGTCATGTTTGG-1,10761.0,3845,6.9510264,0.2919020715630885,True,True
AGGCAGGTCACAAGCT-1,12613.0,4089,8.855943,0.3338058114812188,True,True
AGGCCCAGTACCCACC-1,5758.0,2571,11.427579,0.208976157082749,True,True
AGGCCCAGTGCAACTA-1,10624.0,3688,7.7466116,0.2919020715630885,True,True
AGGCTAAAGGCCTTAG-1,1860.0,1035,4.032258,0.2443729903536976,True,True
AGGCTAAAGTCATGCG-1,11253.0,3935,9.153115,0.3590909090909092,True,True
AGGCTAGCAAACTAAG-1,7998.0,3257,10.165041,0.3338058114812188,True,True
AGGGCTACATTATGAC-1,9295.0,3171,11.608391,0.2585915492957747,True,True
AGGTCTTAGTCACTCC-1,12600.0,4255,9.722222,0.2443729903536976,True,True
AGGTGAGGTGCATCGG-1,6304.0,2703,7.6618023,0.311584553928096,True,True
AGGTTTATCATTTGCT-1,6765.0,2779,10.4656315,0.2919020715630885,True,True
AGGTTTATCCTAAGGT-1,8502.0,3385,7.7628794,0.1815920398009949,True,True
AGGTTTATCGCTTCTA-1,9044.0,3334,7.2092,0.2197265624999999,True,True
AGTAAGTAGTAACGAG-1,5956.0,2626,7.874412,0.2314767501277466,True,True
AGTAAGTAGTCACTAA-1,7733.0,3167,13.24195,0.2585915492957747,True,True
AGTACGCGTCGACTCC-1,4956.0,2265,8.192091,0.3338058114812188,True,True
AGTACGCGTGCTCCGT-1,9988.0,3722,7.478975,0.2314767501277466,True,True
AGTACGCGTTAGTGAT-1,4507.0,2131,11.182605,0.2443729903536976,True,True
AGTAGCTTCGGGATTT-1,8274.0,3227,12.388204,0.3881204231082177,True,True
AGTAGGATCATTGCAA-1,4504.0,2150,6.105684,0.2197265624999999,True,True
AGTCAAGAGCTTATGA-1,3457.0,1663,8.822679,0.1815920398009949,True,True
AGTCAATGTGATGAGG-1,10390.0,3779,12.319538,0.3881204231082177,True,True
AGTCCTGAGCCTGTTC-1,11061.0,4063,9.764036,0.421792618629174,True,True
AGTCTTGCACCGGCTA-1,4103.0,2152,9.870827,0.2743467933491688,True,True
AGTCTTGCACTAAGCC-1,4915.0,2344,10.030519,0.2919020715630885,True,True
AGTGATGAGGCATGTT-1,8113.0,3236,7.3462343,0.2585915492957747,True,True
AGTGCGGAGTACTGGT-1,8442.0,3198,9.997631,0.2743467933491688,True,True
AGTGTTTCAGGACCTT-1,2615.0,1382,10.592734,0.2197265624999999,True,True
AGTGTTTCATTGTGTG-1,12034.0,4392,9.905269,0.3590909090909092,True,True
AGTTATGTCCCGCAAA-1,11854.0,4181,13.33727,0.2443729903536976,True,True
AGTTGCAGTCTTTGAC-1,5910.0,2274,10.862945,0.2919020715630885,True,True
AGTTGTCAGCAGCTCA-1,9930.0,3671,11.329306,0.311584553928096,True,True
AGTTTGATCCTAAGTA-1,5074.0,2317,8.395743,0.3881204231082177,True,True
AGTTTGCAGATAGACG-1,9555.0,3663,9.649398,0.421792618629174,True,True
AGTTTGCAGGTATTGC-1,3622.0,1719,7.067918,0.1815920398009949,True,True
ATAACGACACTAAGTT-1,7384.0,2967,9.804983,0.3590909090909092,True,True
ATAAGTCGTAAGCTTG-1,3644.0,1647,11.443469,0.1815920398009949,True,True
ATACCGGTCCTCAGCT-1,4435.0,2158,11.657271,0.2585915492957747,True,True
ATACCTGCATTTAAGC-1,5189.0,2244,6.0705338,0.2197265624999999,True,True
ATAGCATGTCCCGAAG-1,9047.0,3419,10.268598,0.3590909090909092,True,True
ATATGCTCAGGATTAA-1,6549.0,2752,11.849137,0.3338058114812188,True,True
ATCATCAAGGCGAATA-1,8283.0,3463,7.2196064,0.208976157082749,True,True
ATCCATAAGCAGCTCA-1,8090.0,3253,13.831891,0.3881204231082177,True,True
ATCCATAAGCCTGTTC-1,9371.0,3466,7.725963,0.3590909090909092,True,True
ATCCGTGAGTTGGCCA-1,6469.0,2880,11.531921,0.2585915492957747,True,True
ATCCTCATCCCTGATC-1,8879.0,3521,7.8612456,0.2919020715630885,True,True
ATCCTGACAATGCCTA-1,9107.0,3437,13.3523655,0.2314767501277466,True,True
ATCCTTAGTGAGACTC-1,14505.0,4719,7.2940364,0.2197265624999999,True,True
ATCCTTAGTGCTTACT-1,7423.0,2961,9.995958,0.208976157082749,True,True
ATCGCCCGTGTTGTAG-1,9072.0,3448,10.030864,0.3881204231082177,True,True
ATCTTTGGTTCACCCA-1,6631.0,2757,6.4696126,0.2443729903536976,True,True
ATGAATGCACTGGCCA-1,6509.0,2768,14.549086,0.3338058114812188,True,True
ATGACAACAAGTTATC-1,6770.0,3004,7.488922,0.2919020715630885,True,True
ATGATGACAGTTTGTG-1,8059.0,3240,12.371263,0.3881204231082177,True,True
ATGCCTGAGTTATTCC-1,7037.0,2924,9.947421,0.421792618629174,True,True
ATGCTTAAGGTGTTAC-1,7884.0,3015,11.707255,0.2743467933491688,True,True
ATGGACAAGCGATACT-1,16537.0,5307,10.406966,0.3338058114812188,True,True
ATGGACAAGGTGAAAT-1,11908.0,4184,10.152839,0.3338058114812188,True,True
ATGGACAAGTCGCTAG-1,5630.0,2497,12.433393,0.3338058114812188,True,True
ATGGCCCAGTCAGGCC-1,10223.0,3964,9.214516,0.2743467933491688,True,True
ATGGCCGGTAACAGGG-1,8014.0,3167,8.684801,0.311584553928096,True,True
ATGGCCGGTAGGATTT-1,6453.0,2884,10.429258,0.3881204231082177,True,True
ATGGTTATCCGCACAA-1,14908.0,4751,6.42608,0.2314767501277466,True,True
ATGTAACGTAGTTAAC-1,10852.0,3981,9.279396,0.3338058114812188,True,True
ATGTAAGCAGCAAGGC-1,10475.0,3949,9.785203,0.3590909090909092,True,True
ATGTCATCATGCTTAG-1,2324.0,1160,11.617901,0.1991031390134529,True,True
ATGTCCACAGGACCAA-1,7222.0,2991,13.11271,0.311584553928096,True,True
ATGTGAGAGGCGCACT-1,7877.0,3323,12.6951885,0.3590909090909092,True,True
ATGTTCAAGCAGGCCT-1,9666.0,3653,8.659218,0.2585915492957747,True,True
ATGTTGTCAAGGAATC-1,18945.0,5273,10.989707,0.421792618629174,True,True
ATTACCCGTAACGAGG-1,7373.0,2834,8.856639,0.1815920398009949,True,True
ATTACCCGTAGGTTAT-1,11902.0,4055,13.451521,0.3881204231082177,True,True
ATTACCGCAAGTGAAC-1,14542.0,4455,8.92587,0.2585915492957747,True,True
ATTAGCTCATTATGGT-1,6084.0,2679,12.672584,0.2919020715630885,True,True
ATTAGGTGTTGGTTAG-1,5840.0,2593,11.952055,0.2585915492957747,True,True
ATTCAACCAAGACTCC-1,9736.0,3592,9.685702,0.2443729903536976,True,True
ATTCAACCAATGAAGC-1,8444.0,3209,9.414969,0.208976157082749,True,True
ATTCAACCAGTTAGCC-1,17887.0,5243,11.65092,0.3338058114812188,True,True
ATTCACTTCAAACTCA-1,2139.0,1207,9.069659,0.1815920398009949,True,True
ATTCACTTCCTCATGC-1,6517.0,2561,7.1505294,0.1991031390134529,True,True
ATTCGTTTCTCGCCCA-1,1421.0,919,7.107671,0.2585915492957747,True,True
ATTGAAGCAACCCTAA-1,7907.0,3208,6.2982163,0.5083682008368199,True,True
ATTGACTCAATGCCCG-1,7314.0,3008,8.873393,0.311584553928096,True,True
ATTGCACAGCCATCAG-1,6371.0,2746,13.9224615,0.2919020715630885,True,True
ATTGCGCCAGTAGGAT-1,608.0,468,9.868422,0.1815920398009949,True,True
ATTGGCTAGTGAGGGT-1,8124.0,3314,10.0566225,0.2585915492957747,True,True
ATTGGTTCACCTCACC-1,8581.0,3276,11.257429,0.2743467933491688,True,True
ATTTAGCCAAATGCCC-1,5301.0,2397,9.375589,0.2314767501277466,True,True
ATTTAGGTCAGCACGC-1,5280.0,2503,2.9166667,0.2197265624999999,True,True
ATTTGCAAGCCGCAAC-1,18790.0,5521,13.602981,0.3338058114812188,True,True
ATTTGCGCATAGACCC-1,7804.0,3295,7.7524347,0.311584553928096,True,True
CAAACGCGTGCTCCGT-1,10576.0,3862,9.389183,0.2585915492957747,True,True
CAACAATGTACTAAAC-1,7902.0,3225,6.365477,0.3881204231082177,True,True
CAACAATGTCATCCTG-1,10028.0,3862,9.443558,0.3590909090909092,True,True
CAACCGGGTAGGTGTC-1,6841.0,2906,11.825757,0.2197265624999999,True,True
CAACCGGGTTTAAAGC-1,5330.0,2541,11.275797,0.2197265624999999,True,True
CAAGTAACACATGCTA-1,8355.0,3397,10.556553,0.2743467933491688,True,True
CAATCCCTCCTTAAGA-1,8993.0,3389,8.039586,0.2443729903536976,True,True
CACAAGCGTCTAACAG-1,12037.0,4072,13.632965,0.1991031390134529,True,True
CACAATATCTTCAATC-1,4286.0,2050,5.272982,0.1991031390134529,True,True
CACAGGGAGTAAGTCC-1,8191.0,3434,9.571481,0.2919020715630885,True,True
CACCTCAGTTTGCGAA-1,6418.0,2863,9.052664,0.1991031390134529,True,True
CACTAAGGTGAAACAA-1,9243.0,3413,10.245591,0.3338058114812188,True,True
CACTAAGGTTGGGTTA-1,927.0,723,1.1866236,0.2743467933491688,True,True
CACTAGCCACTAGCGT-1,8457.0,3363,7.8160105,0.3590909090909092,True,True
CACTGACCACTTAGGC-1,5757.0,2614,7.8339415,0.2197265624999999,True,True
CACTGACCACTTGTTC-1,7970.0,3296,8.030113,0.3881204231082177,True,True
CACTGACCATTAGCCA-1,9356.0,3458,8.839248,0.4613180515759315,True,True
CACTTTGTCACTAAGC-1,12005.0,4135,10.512286,0.3881204231082177,True,True
CACTTTGTCCTTCTAG-1,11867.0,3934,5.056038,0.3881204231082177,True,True
CAGAACCGTCAATGTG-1,11166.0,3985,10.943937,0.311584553928096,True,True
CAGAATCTCATTACAG-1,7987.0,3175,11.143107,0.3881204231082177,True,True
CAGAATCTCTTAGTGA-1,9386.0,3528,9.727253,0.2743467933491688,True,True
CAGCAAGCAATTAAGG-1,7427.0,3117,8.953817,0.2443729903536976,True,True
CAGCAAGCACTGACCG-1,7478.0,3233,10.470715,0.2919020715630885,True,True
CAGCATGTCAAGCTAC-1,8435.0,3187,6.8524013,0.2919020715630885,True,True
CAGCATTAGACACTTA-1,8233.0,3394,8.247297,0.2443729903536976,True,True
CAGCTCAAGTAGGCGG-1,5241.0,2411,8.509827,0.3590909090909092,True,True
CAGGAAGGTCCAAGAC-1,5919.0,2591,8.565636,0.2197265624999999,True,True
CAGGACCTCCTGAGTG-1,5057.0,2445,8.463516,0.2743467933491688,True,True
CAGGCTGGTGCTTACT-1,9128.0,3636,9.881682,0.3338058114812188,True,True
CAGGGCTTCAAGACTC-1,3446.0,1644,9.692397,0.1815920398009949,True,True
CAGGGCTTCTGTGCCT-1,6291.0,2720,13.304721,0.2585915492957747,True,True
CAGGTGGAGGCGCATC-1,8076.0,3199,12.890044,0.4613180515759315,True,True
CAGGTTAGTTTAACGG-1,10136.0,3614,12.855169,0.2919020715630885,True,True
CAGTACCCAAAGCGGC-1,6267.0,2724,16.850168,0.2743467933491688,True,False
CATAACGGTGGACATC-1,7124.0,2929,7.018529,0.311584553928096,True,True
CATAAGCTCGTCATTT-1,6336.0,2595,7.717803,0.2919020715630885,True,True
CATAGACTCCCTGGAA-1,17237.0,5174,5.6332307,0.2743467933491688,True,True
CATAGCTAGCGTGCGT-1,7763.0,3314,11.438876,0.311584553928096,True,True
CATAGCTAGGTCTTGG-1,8935.0,3401,12.512591,0.2743467933491688,True,True
CATAGCTAGTCACTAA-1,8551.0,3421,9.460882,0.3881204231082177,True,True
CATAGGCGTAATCCCT-1,9056.0,3408,11.738074,0.5083682008368199,True,True
CATAGGCGTTTGTTGC-1,2645.0,1329,8.99811,0.1991031390134529,True,True
CATATCGCATCCAGGT-1,14851.0,4955,4.841425,0.2919020715630885,True,True
CATCAATCACTAAATC-1,5083.0,2031,4.4658666,0.2314767501277466,True,True
CATCACACAAGGTAAC-1,12362.0,4000,10.564633,0.5083682008368199,True,True
CATCGCTTCATAATCG-1,3787.0,1969,11.513071,0.311584553928096,True,True
CATGCATAGGGCCATC-1,9314.0,3560,13.4743395,0.3338058114812188,True,True
CATGCGCAGGGACTAA-1,8372.0,3365,13.3420925,0.3881204231082177,True,True
CATGCGCAGTCATGCG-1,7472.0,2745,2.5428267,0.2919020715630885,True,True
CATGGCGGTCATCCTG-1,6345.0,2685,13.301812,0.1815920398009949,True,True
CATTCATTCAATACGC-1,11190.0,4012,8.150134,0.3881204231082177,True,True
CATTGCGAGCATGGTT-1,3603.0,1825,8.270885,0.1991031390134529,True,True
CATTGCGAGGAACACA-1,9790.0,3670,11.532175,0.3881204231082177,True,True
CATTGTGCAGGTTAAA-1,11775.0,4109,13.503185,0.2743467933491688,True,True
CATTTGTTCATGCTAA-1,7446.0,3057,14.101531,0.2743467933491688,True,True
CATTTGTTCCTAATGA-1,6640.0,2911,8.70482,0.3338058114812188,True,True
CCAACATAGTTATCTC-1,9826.0,3902,7.28679,0.2919020715630885,True,True
CCAACCCGTAGGTTTG-1,9211.0,3692,6.535664,0.4613180515759315,True,True
CCAATATCAGGCGAGT-1,11803.0,4089,10.658307,0.2919020715630885,True,True
CCACAATAGCGAGCGA-1,10685.0,4083,8.685073,0.2585915492957747,True,True
CCACACAAGTTATCCT-1,8731.0,3534,8.716069,0.311584553928096,True,True
CCACATTGTGAGGTGA-1,6127.0,2740,9.074588,0.311584553928096,True,True
CCAGACTCAAGGACCA-1,13860.0,4576,12.914864,0.2919020715630885,True,True
CCAGACTCAGGAACAT-1,10155.0,3788,11.383555,0.3590909090909092,True,True
CCAGACTCATGTCAAT-1,6286.0,2254,4.2793508,0.2919020715630885,True,True
CCAGGAACATAAGTCT-1,6484.0,2869,6.153609,0.3881204231082177,True,True
CCAGTTTGTGAGAAAC-1,9062.0,3246,16.045023,0.421792618629174,True,False
CCATAAGGTAACGTGC-1,9645.0,3887,11.124935,0.3590909090909092,True,True
CCATAGCCAAACTGTT-1,10181.0,3981,11.216972,0.3881204231082177,True,True
CCATAGCCACTGACTA-1,3750.0,2037,8.026667,0.2919020715630885,True,True
CCATAGCCAGACAAAC-1,9484.0,3432,10.143399,0.2743467933491688,True,True
CCATTGTGTGCTTAGA-1,6234.0,2684,8.838627,0.2314767501277466,True,True
CCCAAATAGCACAGCC-1,11142.0,4043,11.667564,0.311584553928096,True,True
CCCAATTGTGGGAACA-1,10870.0,3888,10.625575,0.3338058114812188,True,True
CCCAATTGTGTGCAAC-1,10952.0,3787,14.755295,0.3881204231082177,True,True
CCCAGCACAAACTAAG-1,11925.0,3855,8.486373,0.311584553928096,True,True
CCCAGTTTCCTTCTAG-1,9494.0,3825,9.6903305,0.208976157082749,True,True
CCCAGTTTCTAATCCT-1,5163.0,2404,8.7546,0.311584553928096,True,True
CCCGCAACAAACCCTA-1,9010.0,3489,9.733629,0.3590909090909092,True,True
CCCGCAACACAATGTT-1,9259.0,3586,8.057026,0.5083682008368199,True,True
CCCGCTTCATTAGCCA-1,8475.0,3211,10.513274,0.2585915492957747,True,True
CCCGCTTCATTGTGGC-1,7729.0,3194,8.52633,0.3338058114812188,True,True
CCCGTTGTCATAACTG-1,7074.0,3050,7.124682,0.3881204231082177,True,True
CCCTAATGTCAATGTG-1,4276.0,2081,8.676333,0.1815920398009949,True,True
CCCTCACCAGAATGAC-1,6467.0,2731,13.684861,0.2919020715630885,True,True
CCCTGTTAGCACTTGG-1,3954.0,1566,9.0288315,0.2919020715630885,True,True
CCCTTAATCGCCTGTT-1,5393.0,2411,11.440756,0.2585915492957747,True,True
CCGACAGGTCATCATC-1,8568.0,3250,13.02521,0.311584553928096,True,True
CCGACAGGTCCTTCAG-1,9215.0,3450,7.4226804,0.4613180515759315,True,True
CCGATGCAGCTAAGTC-1,3863.0,1954,9.914574,0.2314767501277466,True,True
CCGCTAAAGGCCAATT-1,8696.0,3275,13.833946,0.2743467933491688,True,True
CCGGTTAAGACACTTA-1,7027.0,3275,2.3338552,0.2743467933491688,True,True
CCGGTTAAGCCTCTGT-1,5992.0,2776,7.3765016,0.311584553928096,True,True
CCGGTTAAGCGCATTG-1,11474.0,4092,12.2625065,0.3338058114812188,True,True
CCGTGCTGTATTGCAG-1,5363.0,2554,6.321089,0.2919020715630885,True,True
CCGTGCTGTCATGCAA-1,4961.0,2414,10.260029,0.311584553928096,True,True
CCGTGCTGTCGTTACT-1,2476.0,1493,4.321486,0.1991031390134529,True,True
CCGTTAACAAATGCCC-1,5909.0,2688,6.1600947,0.3338058114812188,True,True
CCGTTAACATCAGTAT-1,9375.0,3569,8.202667,0.421792618629174,True,True
CCGTTACTCAAGTGTC-1,11732.0,4388,9.214115,0.421792618629174,True,True
CCGTTACTCTGGCAAT-1,6304.0,2893,6.3134522,0.2585915492957747,True,True
CCGTTTGGTCCGTAGG-1,8835.0,3164,11.284663,0.3590909090909092,True,True
CCTAAGGTCTGGCATG-1,8322.0,3338,10.598413,0.3338058114812188,True,True
CCTAAGTAGACTCGCA-1,3026.0,1599,13.978849,0.208976157082749,True,True
CCTACTTCAGAATGAC-1,9093.0,3450,12.064225,0.421792618629174,True,True
CCTAGTTGTAGTTACG-1,7724.0,3102,6.9782495,0.3338058114812188,True,True
CCTATATTCACTCAAA-1,6913.0,2815,8.144076,0.2314767501277466,True,True
CCTATATTCCGGTTGA-1,5000.0,1987,5.6200004,0.208976157082749,True,True
CCTCAATGTTCGCGCT-1,3757.0,1893,11.605004,0.2443729903536976,True,True
CCTCCTGAGGCTACAT-1,11939.0,4113,7.345674,0.2919020715630885,True,True
CCTCCTGAGTAGGATG-1,2677.0,1588,5.4538665,0.2743467933491688,True,True
CCTGATGAGCGTGCAC-1,6001.0,2670,11.9146805,0.2585915492957747,True,True
CCTGATGAGCTTTGTT-1,10755.0,3851,9.232915,0.3590909090909092,True,True
CCTGCTCCACAAAGCG-1,6908.0,2857,13.9114065,0.208976157082749,True,True
CCTGGATCAGGTTATT-1,2228.0,1277,11.579892,0.1815920398009949,True,True
CCTGTATGTCCAAGAC-1,7078.0,2952,11.147217,0.2585915492957747,True,True
CCTGTATGTCCTTTAA-1,4105.0,1909,8.574909,0.1991031390134529,True,True
CCTGTTGGTCAGGAAG-1,7556.0,2991,11.355214,0.3590909090909092,True,True
CCTTAGTGTGATTACG-1,5996.0,2781,8.655771,0.2197265624999999,True,True
CCTTCAATCCGTTATT-1,7203.0,2982,8.940719,0.421792618629174,True,True
CCTTGCGTCGCAATCG-1,6824.0,2994,11.181126,0.2585915492957747,True,True
CCTTTAGTCAATACGC-1,9235.0,3652,8.955062,0.2743467933491688,True,True
CGAAATGAGCTAAGTC-1,782.0,517,7.0332484,0.2585915492957747,True,True
CGAACAAAGTCATGCG-1,5261.0,2352,13.210416,0.2919020715630885,True,True
CGAACCGGTTAGGTTG-1,7470.0,2963,9.223561,0.2743467933491688,True,True
CGAAGTAAGCTGAGGG-1,7243.0,3050,10.120116,0.2197265624999999,True,True
CGAATATGTTAGACCA-1,10424.0,3899,11.252878,0.3881204231082177,True,True
CGACTAAGTGCTAGAC-1,5495.0,2478,13.557779,0.2743467933491688,True,True
CGAGGCAAGGATTGAG-1,15355.0,4956,8.817974,0.4613180515759315,True,True
CGAGTCGGTGTTAGCA-1,7443.0,3157,11.769447,0.311584553928096,True,True
CGATCCTTCAAGGACA-1,5417.0,2553,8.473325,0.1815920398009949,True,True
CGATTGAGTTCCTCCT-1,16656.0,4648,9.191883,0.421792618629174,True,True
CGATTTGCACCTACTT-1,9419.0,3645,12.050112,0.3590909090909092,True,True
CGCAATCCACGTTACA-1,3751.0,1794,5.491869,0.2585915492957747,True,True
CGCAATGTCAAAGGCA-1,7868.0,3056,9.900865,0.3338058114812188,True,True
CGCACAATCCCTGGAA-1,8078.0,3134,12.441198,0.3590909090909092,True,True
CGCACAATCTGTAAGC-1,6167.0,2651,10.864278,0.2743467933491688,True,True
CGCACACAGGAGGCAT-1,6380.0,2858,12.335423,0.3881204231082177,True,True
CGCACCACAAATATCC-1,8698.0,3554,8.450218,0.2743467933491688,True,True
CGCATATAGGAGCAAC-1,11988.0,4228,10.70237,0.421792618629174,True,True
CGCATGATCGCTATGG-1,5531.0,2621,8.841077,0.3338058114812188,True,True
CGCATTACAAGGATTA-1,8565.0,3246,8.13777,0.3338058114812188,True,True
CGCCAAATCATTAGTG-1,6160.0,2654,8.262987,0.3881204231082177,True,True
CGCCACACAAGGTGGC-1,10012.0,3897,13.833401,0.3338058114812188,True,True
CGCCACACAGGCGATA-1,8050.0,2913,7.440994,0.208976157082749,True,True
CGCCACACATGAATAG-1,8530.0,3444,12.919108,0.3338058114812188,True,True
CGCCTCATCTTGCAGG-1,3573.0,1726,4.645956,0.1991031390134529,True,True
CGCGGATTCAATACGC-1,7382.0,3073,9.604444,0.2585915492957747,True,True
CGCGGATTCCTGGTGA-1,8154.0,3431,6.7574196,0.2743467933491688,True,True
CGCGGATTCTCGCCCA-1,12387.0,4147,11.528214,0.2585915492957747,True,True
CGCTAACCAACACCTA-1,11738.0,4136,10.163571,0.208976157082749,True,True
CGCTAACCACTTGTTC-1,9262.0,3582,12.56748,0.2919020715630885,True,True
CGCTAACCATTAGCCA-1,8022.0,3241,5.908751,0.3881204231082177,True,True
CGCTACTTCCTTGTTG-1,8986.0,3401,10.92811,0.2919020715630885,True,True
CGCTATGAGACAGGCG-1,8128.0,3181,14.628445,0.3590909090909092,True,True
CGCTCAGCAGCATGAG-1,8450.0,3251,11.56213,0.2197265624999999,True,True
CGCTTACTCATTTAGG-1,9406.0,3435,15.702743,0.2314767501277466,True,False
CGGAATCGTTCCGGCT-1,6038.0,2557,11.228884,0.4613180515759315,True,True
CGGACCTAGCAATAGG-1,6502.0,2854,10.227622,0.2314767501277466,True,True
CGGAGTCTCGCATTAA-1,10610.0,3721,11.573987,0.421792618629174,True,True
CGGCCATAGTTTCCGC-1,4126.0,1882,3.3204072,0.208976157082749,True,True
CGGCTAATCAATGTGC-1,7802.0,3028,15.43194,0.2919020715630885,True,False
CGGCTAATCCAATTAG-1,4536.0,1927,21.428572,0.3881204231082177,True,False
CGGCTCACACCATATG-1,4851.0,2069,8.554937,0.1991031390134529,True,True
CGGGACAAGGAGGTTA-1,9516.0,3544,10.79235,0.3590909090909092,True,True
CGGGACAAGGCCTGGT-1,3938.0,1859,16.683596,0.311584553928096,True,False
CGGGCTTAGATAGACG-1,3433.0,1705,8.622196,0.2197265624999999,True,True
CGGGCTTAGATTGAGG-1,8884.0,3358,9.815398,0.2743467933491688,True,True
CGGGTCTAGCTCCTAC-1,8378.0,3294,12.138935,0.2743467933491688,True,True
CGGTGAACAGGCTAGA-1,6288.0,2867,8.524173,0.2314767501277466,True,True
CGGTTATAGGTTTGCG-1,5509.0,2438,15.665275,0.2919020715630885,True,False
CGGTTATAGTAACGGA-1,10392.0,3842,10.229022,0.2919020715630885,True,True
CGGTTGGGTGGACATC-1,4400.0,2063,8.386364,0.1815920398009949,True,True
CGGTTGGGTGTTGCAA-1,8663.0,3459,9.35011,0.2443729903536976,True,True
CGGTTTCTCCTTTACG-1,11100.0,3935,9.495495,0.3338058114812188,True,True
CGTAACTAGCGGTTAT-1,7016.0,3062,10.290764,0.3881204231082177,True,True
CGTACGGGTCGACTAA-1,8901.0,3468,11.15605,0.2743467933491688,True,True
CGTAGCGGTTGTTGCT-1,4489.0,2086,7.3735795,0.1991031390134529,True,True
CGTAGCGGTTTACGTC-1,8414.0,3280,9.793201,0.421792618629174,True,True
CGTATTGCAGCACGTT-1,17959.0,5355,10.089648,0.2443729903536976,True,True
CGTGCACAGCAACATC-1,4589.0,1914,7.757682,0.1991031390134529,True,True
CGTGCTGCAGTAGGAT-1,6115.0,2817,9.533933,0.2919020715630885,True,True
CGTGTGTCAATTGAAG-1,2502.0,1271,8.673061,0.2443729903536976,True,True
CGTGTGTCACAGCCTG-1,2945.0,1583,4.6519527,0.1900043084877208,True,True
CGTGTGTCAGCAAGGC-1,5151.0,2356,15.103863,0.2743467933491688,True,False
CGTGTTACACAAACTT-1,8407.0,3419,12.929702,0.2585915492957747,True,True
CGTTAAATCCACCCTG-1,89927.0,10880,4.344635,0.2443729903536976,True,False
CGTTAAATCCAGGTTG-1,7698.0,3070,12.146011,0.311584553928096,True,True
CGTTAAATCCTTGTTG-1,8854.0,3273,9.588886,0.421792618629174,True,True
CGTTAAATCTCCTCTT-1,1930.0,1074,9.067357,0.1815920398009949,True,True
CGTTATCGTGCTAGAC-1,7169.0,3062,11.214952,0.2743467933491688,True,True
CGTTGCAAGCACGTTG-1,431.0,353,5.1044083,0.3338058114812188,True,True
CGTTTGTGTCCTAATC-1,7382.0,3108,12.137632,0.3338058114812188,True,True
CTAACCACAAACTAAG-1,10738.0,3925,10.0763645,0.3338058114812188,True,True
CTAACCACAAGCGATG-1,1565.0,821,24.217253,0.2743467933491688,True,False
CTAACCCTCAAGCCTG-1,6477.0,2739,8.908445,0.2743467933491688,True,True
CTAACCCTCCCTTGCG-1,7753.0,3203,8.97717,0.2443729903536976,True,True
CTAACCTGTCTTGCTG-1,7780.0,3197,9.434447,0.5083682008368199,True,True
CTAACCTGTTTAAAGC-1,4840.0,2329,7.830579,0.2443729903536976,True,True
CTAATCCGTAATCACG-1,11344.0,4046,8.32158,0.2919020715630885,True,True
CTAATCCGTCTTTATG-1,9587.0,3609,8.636696,0.2443729903536976,True,True
CTACAACAGCACAGCC-1,17533.0,5401,13.140935,0.7247437774524157,True,True
CTACCTCAGGCTAGAA-1,9985.0,3664,9.594391,0.3590909090909092,True,True
CTACTAAAGTTATGGC-1,6532.0,2725,8.2210655,0.1815920398009949,True,True
CTAGCGGGTTTATCTG-1,939.0,468,34.611286,0.3590909090909092,True,False
CTAGGACGTAGCTGGT-1,4702.0,2266,12.505317,0.3338058114812188,True,True
CTAGGACGTGTTCCCA-1,7025.0,3108,8.327402,0.311584553928096,True,True
CTAGGACGTGTTGTAG-1,5184.0,2458,7.7739196,0.2585915492957747,True,True
CTAGGCGGTCTTACTA-1,9438.0,3459,12.52384,0.2585915492957747,True,True
CTAGTAATCGTCATTT-1,13847.0,4356,9.77107,0.3590909090909092,True,True
CTAGTAGGTAGCAGCT-1,304.0,237,12.171052,0.2743467933491688,True,True
CTAGTAGGTCTAGCTT-1,7662.0,2980,11.929,0.3881204231082177,True,True
CTAGTCGAGCTTTGGG-1,7219.0,2856,9.419587,0.3881204231082177,True,True
CTAGTCGAGGCTATGT-1,6222.0,2712,14.641595,0.2919020715630885,True,True
CTATTACTCGATTTAG-1,3690.0,1741,11.463415,0.2443729903536976,True,True
CTATTACTCTAGCGAT-1,7404.0,3095,14.627229,0.2314767501277466,True,True
CTATTCAGTTAGGTTG-1,12467.0,4563,8.454319,0.3881204231082177,True,True
CTATTGAAGGGTTATC-1,7193.0,3137,7.2709575,0.3881204231082177,True,True
CTCACAACATGGCCTG-1,12497.0,4120,9.914379,0.3881204231082177,True,True
CTCAGGATCATGCTAA-1,7078.0,2933,8.73128,0.2197265624999999,True,True
CTCATCATCTATGACA-1,10011.0,3614,7.022276,0.311584553928096,True,True
CTCATGACACAGCCAT-1,3085.0,1589,6.4181523,0.1991031390134529,True,True
CTCATTAGTCATCAAG-1,4541.0,2123,6.518388,0.1815920398009949,True,True
CTCATTGTCCTCCTAA-1,9333.0,3552,8.711025,0.2585915492957747,True,True
CTCCAACTCCCTGGTT-1,1378.0,842,14.150943,0.2443729903536976,True,True
CTCCAACTCCGCACAA-1,12443.0,4089,4.556779,0.2314767501277466,True,True
CTCCAACTCTAATCTC-1,3817.0,1752,9.038511,0.1900043084877208,True,True
CTCCCTGAGTATCGCG-1,13383.0,4334,8.495853,0.2743467933491688,True,True
CTCCGGACAGGCGAGT-1,7837.0,3247,12.759985,0.2314767501277466,True,True
CTCCGGACAGGCTTCG-1,8115.0,3203,13.75231,0.311584553928096,True,True
CTCCTAATCATAGCCG-1,12535.0,4338,8.8711605,0.2314767501277466,True,True
CTCCTAATCTCGCCCA-1,6601.0,2803,12.589002,0.2585915492957747,True,True
CTCCTCACACTAGCGT-1,3610.0,1804,8.365651,0.3338058114812188,True,True
CTCGCTCCAATTGAGA-1,14857.0,4586,15.494379,0.3338058114812188,True,False
CTCTAAGCAGTTTACG-1,9103.0,3751,10.469076,0.5083682008368199,True,True
CTCTAGCTCGGTCAGC-1,7294.0,2756,8.678366,0.2314767501277466,True,True
CTCTCACAGCGATAAG-1,5901.0,2666,12.099644,0.3338058114812188,True,True
CTGAATATCAAGCTTA-1,11168.0,3927,5.1307306,0.3881204231082177,True,True
CTGGATGTCTCCATGC-1,9010.0,3367,12.45283,0.421792618629174,True,True
CTGGATGTCTTAGCGG-1,6613.0,2759,9.587177,0.311584553928096,True,True
CTGGCTAAGTAAGAAC-1,4050.0,1814,13.703704,0.2743467933491688,True,True
CTGGTCAAGTTATGGC-1,3279.0,1824,7.8682528,0.1815920398009949,True,True
CTGGTTACATGTTTGG-1,19888.0,5787,8.728882,0.3881204231082177,True,True
CTGGTTTGTTCCGGGA-1,6445.0,2952,7.3079906,0.3338058114812188,True,True
CTGTACCTCCTTAGGG-1,11569.0,3800,8.929034,0.3881204231082177,True,True
CTGTATTTCGGTTTGG-1,8442.0,3426,12.662876,0.311584553928096,True,True
CTGTGTGAGGCTTAGT-1,7162.0,3053,8.433398,0.1991031390134529,True,True
CTTAAGATCCTGGTGA-1,9804.0,3764,7.037944,0.4613180515759315,True,True
CTTACCGGTACAAAGA-1,8619.0,3467,10.430444,0.3881204231082177,True,True
CTTACCGGTACTAAAC-1,6106.0,2724,10.956436,0.3590909090909092,True,True
CTTAGTTTCTAAGGAG-1,4330.0,1775,11.454966,0.2197265624999999,True,True
CTTATGTTCAGCCAAT-1,4285.0,1907,11.365228,0.1991031390134529,True,True
CTTCAAGCACGCAACT-1,8516.0,3101,4.33302,0.2585915492957747,True,True
CTTCAAGCACTTGTTC-1,19863.0,5419,6.6354527,0.3590909090909092,True,True
CTTCACTCATTAAACC-1,14092.0,4822,8.962532,0.3881204231082177,True,True
CTTCGCGTCATCCTCA-1,6843.0,2858,6.7221975,0.2919020715630885,True,True
CTTCTAAGTTAGTTGG-1,12853.0,4695,3.3066208,0.3590909090909092,True,True
CTTGAACAGACAAACG-1,9505.0,3497,12.719621,0.2443729903536976,True,True
CTTGAACAGCCTTAAA-1,7943.0,3392,5.06106,0.2919020715630885,True,True
CTTGAATCAATTAACC-1,9261.0,3604,8.962316,0.2919020715630885,True,True
CTTGACGAGCCTAACG-1,7234.0,3077,11.210948,0.2443729903536976,True,True
CTTGACGAGGTGTCCA-1,12019.0,4065,9.310259,0.421792618629174,True,True
CTTGCAACATCATGTG-1,895.0,431,41.787712,0.2443729903536976,True,False
CTTGCATGTTCCTGAT-1,11605.0,4100,14.631624,0.5083682008368199,True,True
CTTGGACCAAACTAAG-1,5561.0,2509,12.353893,0.2443729903536976,True,True
CTTGGACCACAAAGCG-1,5892.0,2630,8.842498,0.2743467933491688,True,True
CTTGGACCACATAGCC-1,10784.0,4130,5.9625373,0.3338058114812188,True,True
CTTGTAAAGAGGAGTC-1,4997.0,2297,10.506304,0.2585915492957747,True,True
CTTGTAAAGCCTCTCG-1,7278.0,3313,4.0807915,0.4613180515759315,True,True
CTTGTCCAGCACAGAA-1,8997.0,3414,7.6692233,0.2197265624999999,True,True
CTTGTTCCAGCAAATA-1,4562.0,1930,8.768084,0.2443729903536976,True,True
CTTTAGGCATGAGTTT-1,9239.0,3373,8.453296,0.3590909090909092,True,True
CTTTATGGTGTGAGGA-1,7235.0,2797,8.583276,0.2743467933491688,True,True
CTTTCTTGTCACTCGC-1,18749.0,5570,5.3602858,0.3881204231082177,True,True
CTTTGAGCAAGGAATC-1,3164.0,1549,14.8230095,0.1815920398009949,True,True
CTTTGAGCACATAACT-1,12089.0,4342,4.1525354,0.1815920398009949,True,True
CTTTGAGCATAAAGCA-1,9432.0,3259,9.658609,0.3338058114812188,True,True
CTTTGGTGTCAAAGAA-1,7857.0,3062,8.20924,0.3338058114812188,True,True
CTTTGGTGTCCTTAGT-1,9993.0,3588,8.656059,0.311584553928096,True,True
CTTTGTCCAAGCTAAA-1,6391.0,2787,11.171961,0.3338058114812188,True,True
GAAACCCGTAGGTGTC-1,3063.0,1548,9.2719555,0.208976157082749,True,True
GAACACAAGTCCTGAG-1,3921.0,1943,10.07396,0.1991031390134529,True,True
GAACCGCTCATTTGTC-1,12830.0,4209,11.792673,0.3338058114812188,True,True
GAACTTATCGGGACTC-1,6810.0,2881,6.270191,0.1900043084877208,True,True
GAAGCCTGTGCAATAT-1,3279.0,1681,6.9228425,0.1991031390134529,True,True
GAAGGCTAGGGACTAA-1,2947.0,1532,9.229725,0.208976157082749,True,True
GAAGTGATCCGGAACC-1,9921.0,3670,17.61919,0.2585915492957747,True,False
GAATTTGTCCTAAGGT-1,8745.0,3317,5.4545455,0.3338058114812188,True,True
GACACCGGTCGCATAA-1,8097.0,3193,16.005928,0.2443729903536976,True,False
GACACTAGTACAAAGA-1,9282.0,3617,9.685412,0.2314767501277466,True,True
GACACTAGTGCTAGAC-1,9030.0,3554,8.737542,0.3590909090909092,True,True
GACCGTTCAACCCTCC-1,7367.0,3101,4.316547,0.2443729903536976,True,True
GACCGTTCAGTTTACG-1,9431.0,3341,9.29912,0.1991031390134529,True,True
GACCGTTCATGTTGGC-1,7137.0,2988,8.5470085,0.2443729903536976,True,True
GACCTAGTCCCTGATC-1,12780.0,4386,10.14867,0.1991031390134529,True,True
GACCTAGTCGCTTCTA-1,11048.0,3794,9.458726,0.2919020715630885,True,True
GACCTCAAGTGAGGGT-1,9518.0,3586,12.943895,0.5083682008368199,True,True
GACCTGCAGACAACGA-1,4821.0,2093,7.239162,0.2743467933491688,True,True
GACCTGCAGCTTTGGG-1,7847.0,3106,15.547342,0.2314767501277466,True,False
GACCTGCAGGATCACT-1,11644.0,4115,8.974579,0.2919020715630885,True,True
GACGCAACAGTATGTT-1,13897.0,4583,11.426927,0.421792618629174,True,True
GACGTAAAGGAAGTAT-1,6768.0,2858,11.731678,0.2585915492957747,True,True
GACTAATGTGAGCAAG-1,2872.0,1613,3.6908078,0.1900043084877208,True,True
GACTAATGTGGAAACG-1,8058.0,3319,8.910399,0.2443729903536976,True,True
GACTAATGTTCCATTA-1,7471.0,3096,9.249096,0.311584553928096,True,True
GACTATTCAAACTGTT-1,14342.0,4590,9.761539,0.5083682008368199,True,True
GAGAAACGTGAATCGC-1,3262.0,1626,8.093195,0.1815920398009949,True,True
GAGAACCAGAGAGCCG-1,28756.0,6894,11.941855,0.421792618629174,True,True
GAGAACCAGCTAAGTC-1,6295.0,2662,15.266085,0.4613180515759315,True,False
GAGAGGCGTTAGACCA-1,7338.0,3024,14.922322,0.3338058114812188,True,True
GAGCAAATCTTGGATA-1,8303.0,3218,8.370469,0.3338058114812188,True,True
GAGCAAGGTGCTCACC-1,8957.0,3457,14.056045,0.421792618629174,True,True
GAGCAAGGTTCGCGCT-1,6775.0,2797,10.066421,0.2443729903536976,True,True
GAGCAAGGTTTCAGGA-1,8188.0,3289,16.6341,0.421792618629174,True,False
GAGCCTTCATTGTCCT-1,10174.0,3693,11.018282,0.2919020715630885,True,True
GAGCGGTCACTTCATC-1,4515.0,2093,12.95681,0.208976157082749,True,True
GAGCTTAGTGGGTACT-1,13412.0,4340,15.538324,0.3338058114812188,True,False
GAGCTTGTCTCGCCCA-1,6656.0,2939,7.3467546,0.2585915492957747,True,True
GAGGACTAGAGCAAGC-1,4149.0,2078,11.76187,0.2585915492957747,True,True
GAGGAGGCAAGGGTTG-1,6905.0,2947,11.165821,0.3590909090909092,True,True
GAGGAGGCAGAGGCTA-1,5994.0,2657,10.11011,0.2743467933491688,True,True
GAGGCCTTCCACCTGT-1,3660.0,1900,6.47541,0.1991031390134529,True,True
GAGGCTACAAATTCGT-1,11060.0,4167,9.014466,0.4613180515759315,True,True
GAGGGAGCATAAGCAA-1,7514.0,3052,16.1432,0.3590909090909092,True,False
GAGGTAGGTTTGCTGT-1,2649.0,1476,7.7010193,0.208976157082749,True,True
GAGGTTAAGTGCACGC-1,6312.0,2823,8.000634,0.3338058114812188,True,True
GAGTAACCATAATCGT-1,3871.0,1847,5.089124,0.1815920398009949,True,True
GAGTAACCATGAGTTT-1,3390.0,1779,6.4896755,0.1815920398009949,True,True
GAGTAATAGTTATGGC-1,7364.0,3040,12.262358,0.311584553928096,True,True
GAGTCATTCAATACGC-1,7584.0,3121,10.746307,0.421792618629174,True,True
GAGTGAGGTGATGATT-1,10173.0,3556,16.524134,0.2743467933491688,True,False
GAGTGAGGTTCAAGAT-1,7093.0,3055,11.800366,0.421792618629174,True,True
GAGTGATCAAGCTTAT-1,8897.0,3490,11.307182,0.311584553928096,True,True
GAGTTGCGTAATAACC-1,7709.0,3013,15.631082,0.421792618629174,True,False
GATAATCGTCAAGTGC-1,5663.0,2439,7.381247,0.4613180515759315,True,True
GATCAGTTCACACAGT-1,15226.0,4511,8.53146,0.208976157082749,True,True
GATCCGTCAGGCTAGA-1,7158.0,3113,12.014529,0.3338058114812188,True,True
GATCGAGCAAATTCGT-1,8515.0,3313,8.40869,0.4613180515759315,True,True
GATCGAGCACTAAGTT-1,10703.0,3770,12.127441,0.2743467933491688,True,True
GATCGCTCAACCCTAA-1,8953.0,3411,14.598459,0.3338058114812188,True,True
GATCGCTCATAAGTTC-1,11374.0,4110,9.178829,0.311584553928096,True,True
GATGACTTCAATGAGG-1,3718.0,1680,6.9123187,0.1900043084877208,True,True
GATGAGGGTTAAGGTT-1,6446.0,2825,7.399938,0.2743467933491688,True,True
GATGCAGCAGCTTAGC-1,7171.0,3126,9.3710785,0.2743467933491688,True,True
GATGGCTGTCCTAAGA-1,9772.0,3579,12.924683,0.2919020715630885,True,True
GATGGCTGTGTTTCAC-1,10187.0,3832,7.0776477,0.208976157082749,True,True
GATGGCTGTGTTTGAG-1,3411.0,1700,8.883025,0.2443729903536976,True,True
GATTAAGCAGCAAGGC-1,7857.0,3151,11.238386,0.3881204231082177,True,True
GATTAAGCATAATCCG-1,6321.0,2592,14.475557,0.3881204231082177,True,True
GATTAGCTCACAGCCA-1,3507.0,1729,7.4707723,0.2919020715630885,True,True
GATTCAATCCAATTAG-1,5165.0,2450,9.428848,0.2919020715630885,True,True
GATTCAATCGCAAACT-1,9930.0,3713,7.321249,0.3881204231082177,True,True
GATTCAGGTCGAAGTC-1,8332.0,3337,6.4330297,0.208976157082749,True,True
GATTCAGGTTGGTTAG-1,6258.0,2691,9.555769,0.2197265624999999,True,True
GATTCATCACGCAACT-1,8230.0,3261,6.707169,0.2743467933491688,True,True
GATTGATGTAAGGTCC-1,4822.0,2367,8.253837,0.1900043084877208,True,True
GATTGCAGTGGAGCAA-1,6294.0,2699,15.18907,0.2443729903536976,True,False
GATTGGCGTGCTCACC-1,2770.0,1523,10.324909,0.2197265624999999,True,True
GATTGGTTCATTTGTC-1,2990.0,1535,11.003345,0.1991031390134529,True,True
GCAAACCGTCAGGCCA-1,8292.0,3201,10.938254,0.311584553928096,True,True
GCAAACTTCTGGCAAT-1,585.0,293,37.77778,0.1991031390134529,True,False
GCAACAGCACTAAGTT-1,7522.0,2825,10.462644,0.3881204231082177,True,True
GCAACAGCAGTAGCCT-1,8873.0,3442,12.836697,0.3881204231082177,True,True
GCAATGTTCTGTTGCC-1,7551.0,3052,13.878957,0.2919020715630885,True,True
GCACCTAAGAATCGCT-1,4038.0,1941,6.4388313,0.2585915492957747,True,True
GCAGCAACAAGCGATG-1,6727.0,2995,9.513899,0.311584553928096,True,True
GCAGGACCACTAAATC-1,8709.0,3338,10.05856,0.2919020715630885,True,True
GCAGGACCAGGAACCA-1,15541.0,4679,10.481951,0.2743467933491688,True,True
GCAGGACCATAGCTTG-1,10993.0,3797,12.034931,0.3338058114812188,True,True
GCAGGATAGTTTCCGC-1,7916.0,3084,9.487115,0.421792618629174,True,True
GCAGGTTGTCCACAAA-1,8194.0,3458,14.864535,0.208976157082749,True,True
GCATGAGCAGTAAAGC-1,4620.0,2289,7.380953,0.2314767501277466,True,True
GCATTAGGTGCTAGCG-1,3172.0,1556,9.709963,0.208976157082749,True,True
GCATTAGGTGGTTAGC-1,7987.0,3286,12.770753,0.2585915492957747,True,True
GCATTAGGTTTATCGC-1,11510.0,3953,9.730669,0.2919020715630885,True,True
GCATTGCCATCACAGC-1,5893.0,2671,16.103851,0.3881204231082177,True,False
GCCAATAGTCAAGTAT-1,10078.0,3788,9.376861,0.4613180515759315,True,True
GCCAATAGTGAGGTAG-1,2868.0,1594,6.903765,0.2743467933491688,True,True
GCCAATAGTTCCATTA-1,10830.0,3965,9.953832,0.311584553928096,True,True
GCCAATTAGGACCAGG-1,6284.0,2694,9.611712,0.3338058114812188,True,True
GCCATGATCCAGGGAG-1,9287.0,3408,10.76774,0.208976157082749,True,True
GCCGTGAGTGGTTAGC-1,6869.0,2851,13.262484,0.2919020715630885,True,True
GCCTATTGTTGGATAT-1,2865.0,1532,6.0732985,0.2585915492957747,True,True
GCCTCAAAGCATGTCG-1,8527.0,3501,13.16993,0.3590909090909092,True,True
GCCTCGACAGGCATGA-1,7655.0,3035,12.658394,0.3590909090909092,True,True
GCCTGACAGATGGACA-1,3840.0,1814,14.401041,0.2743467933491688,True,True
GCCTGACAGCCTGAGC-1,4345.0,2051,16.777906,0.2197265624999999,True,False
GCCTGACAGCTAAAGG-1,9958.0,3490,11.920064,0.3590909090909092,True,True
GCCTGACAGGATCACT-1,10623.0,3905,13.150711,0.421792618629174,True,True
GCCTGAGGTGGATTGC-1,2742.0,1425,7.439825,0.2585915492957747,True,True
GCCTGAGGTTATGTGG-1,6172.0,2599,8.992223,0.1991031390134529,True,True
GCCTGTGCACCTCAGG-1,9131.0,3474,5.97963,0.3338058114812188,True,True
GCCTTAGAGGACCTGC-1,5597.0,2595,8.522423,0.2585915492957747,True,True
GCCTTTGGTGTTAAAC-1,5037.0,2146,4.0103235,0.2314767501277466,True,True
GCGATATTCTCACTAT-1,10508.0,4015,10.087553,0.3338058114812188,True,True
GCGATTTAGTATTGTG-1,1822.0,776,3.5675082,0.3881204231082177,True,True
GCGCAATGTCACGAAC-1,2654.0,1537,10.28636,0.2314767501277466,True,True
GCGCTTAAGGTGAGAC-1,5923.0,2763,8.441668,0.3338058114812188,True,True
GCGCTTAAGTTTGGGT-1,7027.0,2763,6.432332,0.2919020715630885,True,True
GCGCTTGCAACCGCCA-1,5838.0,2649,8.752998,0.2919020715630885,True,True
GCGGAACCAATATACC-1,9899.0,3705,9.788868,0.3881204231082177,True,True
GCGGAACCACTAGCGT-1,6760.0,3010,9.304733,0.2743467933491688,True,True
GCGTGCTAGCATGTCG-1,10341.0,3755,9.912001,0.2443729903536976,True,True
GCTAACCCAAGCCACT-1,10620.0,3942,7.7118645,0.311584553928096,True,True
GCTAATATCGTAATCA-1,8951.0,3653,11.484751,0.2585915492957747,True,True
GCTAGCCAGTGAGGGT-1,732.0,467,21.857924,0.3881204231082177,True,False
GCTATCCTCCAGGTTG-1,9657.0,3709,6.1613336,0.2743467933491688,True,True
GCTCAACCAATAAGCA-1,6168.0,2797,12.240597,0.2919020715630885,True,True
GCTCAACCACAAACTT-1,8006.0,3301,12.328254,0.311584553928096,True,True
GCTCACAAGGAATAAC-1,8261.0,3422,10.301416,0.2197265624999999,True,True
GCTCACAAGTTATGTG-1,5978.0,2748,10.354633,0.2197265624999999,True,True
GCTCATTGTGCCGCAA-1,6362.0,2801,11.568689,0.2314767501277466,True,True
GCTCGATCAGCAATAA-1,6066.0,2744,9.198813,0.2743467933491688,True,True
GCTCGATCATCAGTAT-1,5064.0,2407,6.8522906,0.2585915492957747,True,True
GCTCGATCATCCCTCA-1,7479.0,3155,9.6403265,0.2197265624999999,True,True
GCTGACCAGCGTGCAC-1,9642.0,3605,10.205352,0.2197265624999999,True,True
GCTGAGGAGGTCCTGA-1,4584.0,2055,18.368237,0.2443729903536976,True,False
GCTGCAATCATAACCA-1,7449.0,3081,11.6794195,0.3590909090909092,True,True
GCTGCAATCCGGAACC-1,4077.0,1894,7.3828793,0.1815920398009949,True,True
GCTGCACAGATGGAGC-1,7840.0,3279,11.683674,0.311584553928096,True,True
GCTGTACCAATTAGGA-1,7386.0,3216,10.032494,0.2443729903536976,True,True
GCTGTACCAATTATGC-1,12064.0,4116,7.501658,0.2443729903536976,True,True
GCTGTGCAGGGCTTTG-1,5690.0,2596,8.840071,0.2743467933491688,True,True
GCTTAAATCGGCCATA-1,2511.0,1459,4.579849,0.1991031390134529,True,True
GCTTAACAGTGAGCGG-1,9068.0,3512,7.7745924,0.3881204231082177,True,True
GCTTAGTAGCGAAGTA-1,6355.0,2821,9.425649,0.311584553928096,True,True
GCTTATCGTGTTCCCA-1,4511.0,2340,10.59632,0.3338058114812188,True,True
GCTTGACCATTAAAGG-1,5386.0,2523,7.5937614,0.421792618629174,True,True
GCTTTATTCGCTAGAT-1,4495.0,1894,4.4493885,0.2314767501277466,True,True
GCTTTGTGTCCTTTAA-1,4965.0,2333,8.640483,0.2585915492957747,True,True
GCTTTGTGTGTAATAC-1,9115.0,3670,9.862864,0.3881204231082177,True,True
GGAAACTCATCGCTTT-1,4843.0,2022,6.752013,0.2443729903536976,True,True
GGAACAATCGGTCAAT-1,6884.0,2915,11.2434635,0.3338058114812188,True,True
GGAACGGTCTGGCTTC-1,6719.0,2954,7.7690134,0.3881204231082177,True,True
GGAACGGTCTTAGCCC-1,13772.0,4405,7.936393,0.2919020715630885,True,True
GGAACTAAGTCTGGGC-1,5725.0,2735,5.048035,0.2743467933491688,True,True
GGAGCATAGGTCCTGA-1,6021.0,2702,9.134695,0.421792618629174,True,True
GGAGCGATCCTAGTTT-1,6872.0,3009,7.8579745,0.208976157082749,True,True
GGAGGTTAGACACTTA-1,11376.0,4003,8.526723,0.2743467933491688,True,True
GGAGTCTGTCGTTATC-1,9348.0,3663,6.7287116,0.421792618629174,True,True
GGATTATGTGAACAAA-1,7833.0,3140,8.796119,0.311584553928096,True,True
GGATTATGTTGCTGGG-1,11353.0,3933,12.569365,0.311584553928096,True,True
GGATTTATCACTAATG-1,3129.0,1602,9.971237,0.1900043084877208,True,True
GGATTTATCTTCAATC-1,5014.0,2261,5.145592,0.208976157082749,True,True
GGCAAATCATCCAGGT-1,6651.0,2834,11.441889,0.2443729903536976,True,True
GGCATGGAGCAAGGTA-1,6011.0,2684,13.54184,0.4613180515759315,True,True
GGCATGGAGTTTGCGG-1,5470.0,2398,8.025594,0.311584553928096,True,True
GGCCAACTCCCGTTTA-1,6282.0,2626,7.8478193,0.2197265624999999,True,True
GGCCAACTCCCTCACG-1,3342.0,1759,10.233394,0.2443729903536976,True,True
GGCCTTAAGTTGTCCC-1,10331.0,3869,9.021392,0.2443729903536976,True,True
GGCGTTATCTGTAATG-1,7037.0,2946,12.334802,0.311584553928096,True,True
GGCTATGTCCCTGGTT-1,11867.0,4135,9.758153,0.2585915492957747,True,True
GGCTGAGAGGATAAAC-1,4180.0,2014,7.5598083,0.1991031390134529,True,True
GGCTGGTTCCAGGAAA-1,9421.0,3401,14.2341585,0.2919020715630885,True,True
GGGAATATCAAACCTA-1,5760.0,2625,10.052083,0.2314767501277466,True,True
GGGATAATCCAAGTTA-1,5772.0,2695,11.815662,0.2919020715630885,True,True
GGGATTAAGCCTCTGT-1,10226.0,3690,7.7840796,0.2314767501277466,True,True
GGGCATTGTGCAATAT-1,7657.0,3185,11.192373,0.421792618629174,True,True
GGGTATTTCGGCCATA-1,4273.0,2013,8.98666,0.2443729903536976,True,True
GGGTCAACAACTAGAA-1,9522.0,3575,12.329342,0.2919020715630885,True,True
GGGTGAAGTCGCAAAC-1,7583.0,3217,11.354345,0.3338058114812188,True,True
GGGTGAAGTGTTGTGA-1,8825.0,3460,11.580736,0.3881204231082177,True,True
GGGTGAAGTTAGGCTA-1,2957.0,1586,5.951978,0.2919020715630885,True,True
GGGTTATTCACAGCGC-1,7393.0,3046,8.413364,0.311584553928096,True,True
GGGTTATTCGGTACGC-1,20211.0,5523,12.562466,0.3881204231082177,True,True
GGGTTATTCGTGCCTT-1,6916.0,2968,17.799305,0.3881204231082177,True,False
GGGTTTCCAAGACTCC-1,6208.0,2767,8.778995,0.2919020715630885,True,True
GGTAAGGGTCACAAAT-1,7263.0,2910,9.748038,0.3590909090909092,True,True
GGTAATTGTAACGTGC-1,8601.0,3312,11.196373,0.3881204231082177,True,True
GGTACAAAGTTATCTC-1,3449.0,1611,8.930124,0.1815920398009949,True,True
GGTACCGGTACGGTAC-1,9278.0,3648,9.894374,0.2743467933491688,True,True
GGTACCGGTGGGTACT-1,9491.0,3615,15.267095,0.2197265624999999,True,False
GGTACTTAGACAAGTG-1,16387.0,4952,10.618173,0.208976157082749,True,True
GGTCATTAGACAAGTG-1,9310.0,3544,11.503759,0.3590909090909092,True,True
GGTCCATCAATAATCC-1,14337.0,4848,8.969799,0.3881204231082177,True,True
GGTCCATCATAGCAGG-1,7220.0,3097,9.847646,0.3881204231082177,True,True
GGTCCTGCACCTAATG-1,8312.0,3212,11.092397,0.3338058114812188,True,True
GGTGAGTAGCAAGATG-1,5085.0,2338,14.355948,0.2197265624999999,True,True
GGTGAGTAGGCGTAAA-1,4144.0,2011,17.374517,0.2919020715630885,True,False
GGTGATTTCCGGTATG-1,14599.0,4721,8.527982,0.2743467933491688,True,True
GGTGCTGGTGGATTAT-1,5488.0,2594,7.2886295,0.421792618629174,True,True
GGTGCTTCATAAACCT-1,7179.0,3024,10.293913,0.2585915492957747,True,True
GGTGCTTCATTATGAC-1,7924.0,3130,12.405351,0.2743467933491688,True,True
GGTGTCCAGCCAGTAT-1,6144.0,2722,9.147135,0.3590909090909092,True,True
GGTTAATGTTCACCCA-1,7936.0,3303,9.866431,0.2743467933491688,True,True
GGTTATATCCACCTGT-1,8880.0,3402,10.461712,0.2919020715630885,True,True
GGTTCCCGTCAGGCAT-1,11084.0,4000,10.149766,0.2443729903536976,True,True
GGTTGGTGTTGTAACG-1,4884.0,2256,13.677314,0.2443729903536976,True,True
GGTTTAATCATGCGTG-1,2240.0,1252,13.660714,0.2314767501277466,True,True
GGTTTCTGTGAGACTC-1,5739.0,2329,6.2728696,0.2743467933491688,True,True
GGTTTGTAGTGGCGGA-1,6453.0,2737,18.93693,0.311584553928096,True,False
GGTTTGTAGTTATGGC-1,8676.0,3569,8.114339,0.2743467933491688,True,True
GTAAGCTTCACCATTT-1,10110.0,3691,10.336301,0.2443729903536976,True,True
GTAAGGTCAGGCAAGC-1,5202.0,2251,13.417916,0.208976157082749,True,True
GTAAGGTCATCGCTTT-1,11544.0,4014,10.507623,0.2585915492957747,True,True
GTACCGGGTCGTTATC-1,8732.0,3353,9.883188,0.2314767501277466,True,True
GTACGTAGTTAGTGAT-1,1237.0,700,24.97979,0.2919020715630885,True,False
GTAGCGCTCGAAGTGA-1,4990.0,2520,7.47495,0.2919020715630885,True,True
GTAGTTATCTGCAAAC-1,9549.0,3612,13.373128,0.2314767501277466,True,True
GTAGTTTCAAACTCAT-1,10321.0,3845,12.547234,0.2919020715630885,True,True
GTAGTTTCATAGGCGA-1,5320.0,2487,7.1240606,0.2585915492957747,True,True
GTATTGCAGCACTAGT-1,3046.0,1589,8.8969145,0.1991031390134529,True,True
GTCAAACTCCCTCAAC-1,9360.0,3485,18.995726,0.311584553928096,True,False
GTCAGGCTCCGCCTAT-1,9511.0,3600,9.147303,0.311584553928096,True,True
GTCAGGCTCCGTGACA-1,9863.0,3708,7.786678,0.3338058114812188,True,True
GTCATCACAACTAGGG-1,10815.0,3977,10.6611185,0.421792618629174,True,True
GTCATCACAAGACTCC-1,3601.0,1715,10.858095,0.3881204231082177,True,True
GTCATGCCACTAGCGT-1,6495.0,2818,10.669746,0.311584553928096,True,True
GTCATTAAGTAAGTGG-1,6788.0,2789,9.192694,0.2314767501277466,True,True
GTCCATTGTAATCGCA-1,10175.0,3955,7.773956,0.2197265624999999,True,True
GTCCTCAGTATTGCAG-1,1839.0,1155,8.754758,0.1991031390134529,True,True
GTCGCAATCATGCTAA-1,2921.0,1441,8.627182,0.1900043084877208,True,True
GTCGCAATCCCTCATA-1,8961.0,3383,10.657292,0.3881204231082177,True,True
GTCGCAATCTTGTTCG-1,13413.0,4486,7.0230374,0.2314767501277466,True,True
GTCTAACAGCGAGGTG-1,6040.0,2810,7.649007,0.3590909090909092,True,True
GTCTATCGTTGGATAT-1,16836.0,4992,9.954859,0.2919020715630885,True,True
GTCTCACTCCATTACT-1,12733.0,4378,7.955705,0.3338058114812188,True,True
GTCTTGCTCTTTGACT-1,7405.0,2886,6.981769,0.1991031390134529,True,True
GTCTTTAGTCCGCTGT-1,5104.0,2386,12.284483,0.2443729903536976,True,True
GTCTTTAGTTGCACGG-1,6133.0,2752,8.120007,0.421792618629174,True,True
GTGAACAAGTTATCCT-1,6803.0,2831,12.024107,0.2919020715630885,True,True
GTGAATCTCGCTAGAT-1,12153.0,4312,10.993171,0.3590909090909092,True,True
GTGATCAGTCCTCCAA-1,10588.0,3899,11.76804,0.2743467933491688,True,True
GTGATGAAGATTGAGG-1,6408.0,2844,9.144819,0.2743467933491688,True,True
GTGCAAGCAACTAACT-1,4608.0,2058,7.6822915,0.1815920398009949,True,True
GTGCACGGTTCACCAT-1,3898.0,1790,14.828117,0.1900043084877208,True,True
GTGCATTAGTTAGACC-1,16422.0,4940,8.025819,0.2919020715630885,True,True
GTGCATTAGTTAGCCG-1,2756.0,1487,7.656023,0.2197265624999999,True,True
GTGCTGATCCCGCATT-1,4507.0,1866,11.315731,0.208976157082749,True,True
GTGGACACACCAACCG-1,6795.0,3038,5.916115,0.3338058114812188,True,True
GTGGATGCACCAGCAT-1,7848.0,3214,12.296126,0.3338058114812188,True,True
GTGGTTAGTCATAGAT-1,11601.0,4159,12.455823,0.1991031390134529,True,True
GTGTAACTCGTTAAGC-1,3771.0,1795,12.755238,0.1815920398009949,True,True
GTGTCCAAGTCATTGA-1,13066.0,4544,10.347466,0.2197265624999999,True,True
GTGTCCAAGTCATTTC-1,5073.0,2294,10.112359,0.3338058114812188,True,True
GTGTGTTAGGCATGTT-1,6961.0,2833,13.518172,0.311584553928096,True,True
GTGTTACAGTGTGATC-1,6560.0,2837,16.204268,0.2919020715630885,True,False
GTGTTCCTCAGTGAAG-1,8188.0,3555,9.855886,0.2314767501277466,True,True
GTTAAACGTTCGGTAA-1,2296.0,1358,5.792683,0.1900043084877208,True,True
GTTAATGTCCTAGTTT-1,7688.0,2892,7.5312176,0.3338058114812188,True,True
GTTACAGGTAGTTAAC-1,10538.0,3537,8.085026,0.2919020715630885,True,True
GTTACAGGTTTGGGCG-1,4996.0,2353,13.110489,0.311584553928096,True,True
GTTACGCCAAGTAAGC-1,10330.0,3927,8.189738,0.3590909090909092,True,True
GTTACGCCACTGGCCA-1,8518.0,3437,16.506222,0.5653179190751447,True,False
GTTACTCGTGATTTGG-1,3756.0,1673,2.662407,0.1815920398009949,True,True
GTTAGGCGTTAAGCCA-1,9092.0,3531,9.128904,0.421792618629174,True,True
GTTCACCTCTGGCTTC-1,10726.0,3985,7.756852,0.3590909090909092,True,True
GTTCATTTCAAACTCA-1,5299.0,2389,11.605963,0.1815920398009949,True,True
GTTCATTTCAATCATG-1,9472.0,3413,8.456504,0.208976157082749,True,True
GTTCCCAGTGTCCAGG-1,7240.0,2852,9.005525,0.2585915492957747,True,True
GTTCCTTCACCAACCG-1,21343.0,5720,2.272408,0.1815920398009949,True,True
GTTCGCTTCAGCACCA-1,9803.0,3536,8.528002,0.3881204231082177,True,True
GTTCTCATCTATGACA-1,14490.0,4682,11.62871,0.421792618629174,True,True
GTTGCATAGCTCGCTT-1,8076.0,3230,10.35166,0.3338058114812188,True,True
GTTTAACCATAATCCG-1,11940.0,4071,13.031825,0.2919020715630885,True,True
GTTTATCTCCGCTAGA-1,6388.0,2864,8.155917,0.311584553928096,True,True
GTTTCCTCAATTGACT-1,11048.0,4019,10.010861,0.421792618629174,True,True
GTTTCTAGTGCCTCAC-1,10894.0,3793,9.711768,0.2919020715630885,True,True
GTTTGTAAGGAGGCAT-1,7874.0,3163,11.341123,0.421792618629174,True,True
GTTTGTAAGGATTGAG-1,6083.0,2746,6.444189,0.1900043084877208,True,True
GTTTGTAAGGCCTGGT-1,8880.0,3619,9.921171,0.3881204231082177,True,True
GTTTGTCGTATGGTGC-1,8663.0,3421,9.269306,0.3590909090909092,True,True
GTTTGTTTCCACCCTG-1,2697.0,1481,9.269559,0.2197265624999999,True,True
TAACCGGTCTAACTGA-1,7792.0,3095,10.112936,0.2197265624999999,True,True
TAACCTAAGAGGAGTC-1,6526.0,2847,11.186026,0.3881204231082177,True,True
TAAGCTATCACTAATG-1,6800.0,2946,8.838236,0.2919020715630885,True,True
TAAGGACCACCTCACC-1,2866.0,1679,4.640614,0.1900043084877208,True,True
TAAGGACCACTGACCG-1,6836.0,2896,12.302516,0.3338058114812188,True,True
TAAGGACCAGCTAACC-1,12798.0,4285,11.111112,0.3590909090909092,True,True
TAAGTAGCACGTGCTG-1,4503.0,2056,21.829891,0.2197265624999999,True,False
TAAGTAGCATGACTAT-1,3753.0,1728,10.844658,0.2443729903536976,True,True
TAATCCGCAAGACTCC-1,11589.0,4116,8.56847,0.5653179190751447,True,True
TAATGGTGTTTGGTTC-1,1677.0,918,20.512821,0.3338058114812188,True,False
TACAAGCTCTGTGAGT-1,12710.0,4112,9.488591,0.4613180515759315,True,True
TACAATGTCAAACTCA-1,11730.0,4174,7.817562,0.311584553928096,True,True
TACAATGTCGCAATCG-1,5830.0,2696,7.186964,0.2585915492957747,True,True
TACAATGTCTTGTTCG-1,6106.0,2696,8.565346,0.2443729903536976,True,True
TACCAAATCTTACTCG-1,6829.0,2909,7.907453,0.3590909090909092,True,True
TACCGTTGTAACGAGG-1,2814.0,1367,12.224591,0.2197265624999999,True,True
TACCTCATCAGCACCA-1,12383.0,4048,6.8642497,0.2919020715630885,True,True
TACGCTTGTCATGAGC-1,5918.0,2421,10.037175,0.2314767501277466,True,True
TACGCTTGTCTAGCTT-1,11750.0,4184,8.782978,0.3590909090909092,True,True
TACGCTTGTGGCTTCC-1,6638.0,2814,9.23471,0.2919020715630885,True,True
TACGCTTGTTGGTTCT-1,9928.0,3643,7.6248994,0.3881204231082177,True,True
TACGGATTCCTGAGTG-1,3487.0,1718,9.693146,0.208976157082749,True,True
TACGTACAGAAAGGAA-1,9033.0,3517,9.620281,0.2743467933491688,True,True
TACTGCACATCTTGAG-1,11619.0,3850,8.976676,0.3338058114812188,True,True
TACTGGCCATCGCTTT-1,6898.0,2895,6.219194,0.311584553928096,True,True
TACTTCGTCCTCAGTC-1,4205.0,1965,8.894174,0.2443729903536976,True,True
TACTTCGTCTAATTGG-1,7764.0,3174,10.162287,0.2443729903536976,True,True
TAGAGCCGTAACGTGC-1,10721.0,3964,9.737898,0.2743467933491688,True,True
TAGAGCCGTCGCAATA-1,7326.0,3161,8.176358,0.3590909090909092,True,True
TAGCCGGGTGTTAGCA-1,7876.0,3238,11.439817,0.3338058114812188,True,True
TAGCCGGGTTTAGCGA-1,5774.0,2509,11.62106,0.2197265624999999,True,True
TAGCCGGGTTTGGCGG-1,2151.0,1238,7.345421,0.1900043084877208,True,True
TAGCCTTGTCGACTCC-1,12309.0,4005,8.928427,0.2919020715630885,True,True
TAGCGCGGTAGGTTGC-1,8123.0,3222,12.790841,0.2314767501277466,True,True
TAGCGGCTCCTGGTGA-1,5568.0,2469,14.098419,0.2585915492957747,True,True
TAGCTAGGTAGCTGGT-1,7177.0,2880,10.018113,0.2314767501277466,True,True
TAGCTAGGTTTCCTCC-1,4417.0,1887,7.3126554,0.1815920398009949,True,True
TAGCTAGGTTTGGGTA-1,6211.0,2775,9.917888,0.2443729903536976,True,True
TAGCTTAAGGACAACA-1,12243.0,4365,11.688312,0.3881204231082177,True,True
TAGCTTAAGTACCGCA-1,10355.0,3765,11.801063,0.2443729903536976,True,True
TAGGAGTCAGCGCTTG-1,3301.0,1922,5.149955,0.311584553928096,True,True
TAGGCTTAGCGGTTAT-1,3479.0,1690,8.306985,0.2314767501277466,True,True
TAGGGTTTCTAAGTCA-1,7535.0,3180,13.351029,0.5083682008368199,True,True
TAGGTGCGTAACTACG-1,9578.0,3624,13.885988,0.311584553928096,True,True
TAGTAACGTAAGCTCA-1,6693.0,2842,6.066039,0.311584553928096,True,True
TAGTGAGAGTTGTCTT-1,9128.0,3254,9.826906,0.311584553928096,True,True
TAGTGGCGTGTTGCAA-1,5694.0,2655,12.135582,0.311584553928096,True,True
TAGTGTGGTAATAACC-1,7429.0,2970,11.912774,0.2585915492957747,True,True
TAGTGTGGTCATTAGG-1,6993.0,3076,11.082511,0.3590909090909092,True,True
TAGTGTGGTCCTAACT-1,6857.0,2963,9.30436,0.3881204231082177,True,True
TAGTTGTCATCGCTCC-1,3667.0,1797,10.853559,0.208976157082749,True,True
TAGTTTGAGCAAGACA-1,10476.0,3891,12.447498,0.2443729903536976,True,True
TAGTTTGAGGAACCAA-1,10606.0,3727,10.258345,0.3338058114812188,True,True
TATAGGTGTAAGGTCC-1,9296.0,3512,13.371343,0.2743467933491688,True,True
TATAGGTGTCATCAAG-1,16046.0,4966,9.198554,0.421792618629174,True,True
TATCACGCATAATCCG-1,15402.0,4717,9.661083,0.3881204231082177,True,True
TATCCGGAGCCGCAGT-1,7326.0,3027,14.469014,0.3881204231082177,True,True
TATCGAGGTCCAAGAC-1,11300.0,3969,11.433628,0.3338058114812188,True,True
TATCGCACAGCACGTT-1,8201.0,3297,7.730765,0.3881204231082177,True,True
TATCGCGAGCTTGCTC-1,5626.0,2475,10.291503,0.2919020715630885,True,True
TATGAAGCATAACGGG-1,6901.0,3036,10.694102,0.2443729903536976,True,True
TATGACTCAGTGAACG-1,747.0,264,57.429718,0.3338058114812188,True,False
TATGGATGTTTGTTGC-1,5780.0,2672,5.7958474,0.2919020715630885,True,True
TATGGCCCATGGTTAT-1,8494.0,3465,9.995291,0.2314767501277466,True,True
TATGGGCGTATTGCAG-1,4492.0,1941,19.412289,0.2743467933491688,True,False
TATGGGCGTCAAACTG-1,7245.0,2905,11.732229,0.3338058114812188,True,True
TATGGGCGTTATAGCG-1,45487.0,8163,8.510124,0.208976157082749,True,False
TATTAGCCACAACCTA-1,7829.0,3120,10.665475,0.421792618629174,True,True
TATTAGGTCCCTCACG-1,14527.0,4623,10.174158,0.421792618629174,True,True
TATTTGCTCATGCTCC-1,2988.0,1596,7.4631863,0.2443729903536976,True,True
TATTTGGAGAAAGCAT-1,4966.0,2413,11.095449,0.2743467933491688,True,True
TCAACAATCCTGGTGA-1,11592.0,3915,8.074533,0.3338058114812188,True,True
TCAACAATCGATAACC-1,6096.0,2655,10.449475,0.2585915492957747,True,True
TCAAGCTAGCTTTGTT-1,11644.0,4106,8.390588,0.2585915492957747,True,True
TCAAGCTAGGAACACA-1,1141.0,485,47.85276,0.2585915492957747,True,False
TCAAGGTTCACAGGAA-1,11231.0,4044,9.66076,0.2919020715630885,True,True
TCAAGTATCTCACTAT-1,7353.0,3157,12.593499,0.3881204231082177,True,True
TCACCGGCAGGCCAAA-1,11196.0,3941,10.8967495,0.2443729903536976,True,True
TCACCTCAGCACAGCC-1,7871.0,3058,9.147503,0.2919020715630885,True,True
TCAGCCTTCATTATGG-1,9573.0,3526,8.565758,0.311584553928096,True,True
TCAGGAGCAGGTATTT-1,6779.0,2936,7.095442,0.311584553928096,True,True
TCAGTGAGTAACCACA-1,6315.0,2476,10.91053,0.208976157082749,True,True
TCATAACCATAGCGGA-1,5980.0,2663,8.244147,0.3881204231082177,True,True
TCATACTTCAACAAGG-1,8166.0,3278,10.886602,0.2919020715630885,True,True
TCATCCATCCTCACTA-1,6912.0,2911,9.73669,0.3590909090909092,True,True
TCATTACTCAACAAGG-1,8044.0,3324,11.872203,0.2585915492957747,True,True
TCATTACTCCCTCACG-1,7039.0,3000,8.935928,0.3590909090909092,True,True
TCATTACTCGTGCTTC-1,9264.0,3636,8.786701,0.3590909090909092,True,True
TCATTGTTCGGTTCCT-1,12864.0,4103,6.3277364,0.3590909090909092,True,True
TCATTTGGTCAGGCAT-1,6669.0,3006,6.237817,0.3881204231082177,True,True
TCCAGCAAGTTGCCTC-1,5792.0,2677,5.2831492,0.2443729903536976,True,True
TCCAGGTCACGAATCC-1,4241.0,2009,8.27635,0.2314767501277466,True,True
TCCAGGTCAGGATTAA-1,10195.0,3527,15.36047,0.3590909090909092,True,False
TCCATAAAGCAAGGAC-1,5924.0,2736,6.498987,0.208976157082749,True,True
TCCATCATCCCTGATC-1,10104.0,3886,8.24426,0.2443729903536976,True,True
TCCATCATCCTAATAG-1,1561.0,863,23.318386,0.2197265624999999,True,False
TCCATCATCCTGATTT-1,378.0,316,1.0582011,0.3881204231082177,True,True
TCCATGCTCAGGTTTA-1,8453.0,3329,9.606056,0.3881204231082177,True,True
TCCATGCTCATAACCA-1,3392.0,1719,10.200472,0.208976157082749,True,True
TCCCGGACAAAGGCCA-1,9177.0,3545,11.507029,0.2443729903536976,True,True
TCCCTGGTCCAAGTGT-1,7617.0,3232,9.583826,0.3881204231082177,True,True
TCCGGTTTCAGCATTA-1,533.0,413,1.3133209,0.311584553928096,True,True
TCCGGTTTCCCGCATT-1,6741.0,2998,8.262869,0.3590909090909092,True,True
TCCTTTACATGCTCCC-1,9867.0,3741,9.202392,0.311584553928096,True,True
TCGATTAAGACAAGTG-1,1513.0,818,29.34567,0.4613180515759315,True,False
TCGCGAGGTCAATAGT-1,7213.0,2912,9.371967,0.2919020715630885,True,True
TCGCGCACAAAGGCCA-1,11203.0,3971,11.246987,0.311584553928096,True,True
TCGCTAACAGAATGAC-1,10938.0,3721,8.977875,0.3881204231082177,True,True
TCGGTTCTCGCTAGCA-1,10477.0,3847,8.867042,0.3338058114812188,True,True
TCGTCAACATGTCGCG-1,6630.0,2826,16.063349,0.3338058114812188,True,False
TCGTGCTTCAGCTAAC-1,6269.0,2819,7.018663,0.3881204231082177,True,True
TCGTTACGTGGAGCAA-1,4262.0,1864,9.291412,0.2197265624999999,True,True
TCGTTACGTTGGCCGA-1,8015.0,3271,9.569557,0.2585915492957747,True,True
TCGTTAGCAAGTTATC-1,11352.0,4172,9.637068,0.2919020715630885,True,True
TCGTTAGCACCTACTT-1,1450.0,987,4.413793,0.311584553928096,True,True
TCTAACTTCCTAACGG-1,6474.0,2716,10.256411,0.208976157082749,True,True
TCTAGCGAGCCTGGTA-1,952.0,550,20.483192,0.2919020715630885,True,False
TCTCAAGCAATGCCCG-1,6220.0,2838,9.646302,0.2743467933491688,True,True
TCTCGCCCAGAACCGA-1,7656.0,3377,1.9461861,0.2919020715630885,True,True
TCTTAGCGTCCTGATT-1,5432.0,2412,14.009573,0.2443729903536976,True,True
TCTTCAAGTTGCAATG-1,3593.0,1833,7.097133,0.208976157082749,True,True
TGAACAACAAACCTTG-1,2871.0,1484,12.539186,0.1900043084877208,True,True
TGAACAACAGGCTTGT-1,6157.0,2657,10.410914,0.2919020715630885,True,True
TGAACAGAGCGTGCAC-1,3848.0,2002,11.096673,0.311584553928096,True,True
TGAAGCAAGGACAATG-1,9384.0,3627,9.729326,0.2314767501277466,True,True
TGAGGAGGTGGGTACT-1,4957.0,2226,10.611257,0.4613180515759315,True,True
TGAGGAGGTTTAGCTC-1,6295.0,2859,10.754567,0.2585915492957747,True,True
TGAGGCACAATTAGCT-1,3484.0,1781,8.524685,0.2743467933491688,True,True
TGAGGTGCAGGTTTGC-1,4730.0,2301,5.3488374,0.311584553928096,True,True
TGAGTGAAGTGAGAGC-1,6707.0,2645,7.9469213,0.2743467933491688,True,True
TGATCGAGTTATAGCG-1,1695.0,1051,4.424779,0.1900043084877208,True,True
TGATTGCAGTTCCTGC-1,6536.0,2795,13.326194,0.3881204231082177,True,True
TGCACCTTCCGTTATT-1,10064.0,3738,5.0377584,0.3338058114812188,True,True
TGCACTTGTTGCCTCA-1,577.0,295,40.207973,0.3881204231082177,True,False
TGCACTTGTTTCCACG-1,10112.0,3899,11.817642,0.3338058114812188,True,True
TGCATCCTCGCTAGAT-1,3146.0,1390,13.286713,0.311584553928096,True,True
TGCATGAGTTGCACGG-1,8377.0,3380,10.111018,0.421792618629174,True,True
TGCATTAAGCTCAATA-1,6897.0,2845,8.829926,0.4613180515759315,True,True
TGCCTGTTCGCAGGCT-1,349.0,260,15.472778,0.1900043084877208,True,False
TGCGATTAGCTAAAGG-1,7034.0,3032,6.369065,0.2585915492957747,True,True
TGCTAACAGCGGATTT-1,7010.0,2951,8.801712,0.1815920398009949,True,True
TGCTATGCAACTAACT-1,4020.0,1964,11.268657,0.1991031390134529,True,True
TGCTCAACACCTCACC-1,10099.0,3695,12.674522,0.311584553928096,True,True
TGCTCAACACTTCACT-1,6537.0,2736,10.998929,0.2919020715630885,True,True
TGCTCCGTCCCATAGG-1,4667.0,2279,16.670237,0.5083682008368199,True,False
TGCTCCGTCCTAGTCC-1,13044.0,4405,6.025759,0.4613180515759315,True,True
TGCTTAAAGAAAGGAA-1,11573.0,3875,9.738184,0.421792618629174,True,True
TGCTTCCAGCAGGTTT-1,1006.0,617,18.986084,0.2443729903536976,True,False
TGCTTCCAGGATTGCT-1,10895.0,4009,8.003672,0.421792618629174,True,True
TGCTTGCTCCCTGGTT-1,18629.0,5205,9.19534,0.2919020715630885,True,True
TGCTTGTGTCCTCCAA-1,35989.0,7914,2.1200924,0.4613180515759315,True,True
TGGACAAAGTGAGCGG-1,5757.0,2479,17.474379,0.5083682008368199,True,False
TGGACGGAGTAAGTCC-1,4864.0,2123,16.467928,0.311584553928096,True,False
TGGACTAGTTTAGCTC-1,6667.0,2989,10.664467,0.311584553928096,True,True
TGGCCAATCATGCCTC-1,2134.0,1227,9.934396,0.1900043084877208,True,True
TGGCCTTTCAGCACCA-1,8606.0,3417,5.414827,0.2919020715630885,True,True
TGGCGGTTCTAAGTCA-1,8876.0,3355,13.418206,0.421792618629174,True,True
TGGGCATGTAACCACA-1,3184.0,1519,15.452261,0.3338058114812188,True,False
TGGTCAAGTTGCACGG-1,9064.0,3452,8.484114,0.2919020715630885,True,True
TGGTGATTCCCTGTTA-1,8703.0,3202,15.82213,0.2919020715630885,True,False
TGGTGCATCATGAGCT-1,9471.0,3771,10.885862,0.3881204231082177,True,True
TGTAAGCTCCACCTGT-1,10659.0,3663,13.13444,0.4613180515759315,True,True
TGTAAGTGTTCGCTCA-1,5695.0,2488,18.366987,0.421792618629174,True,False
TGTATCCGTTAGTTGG-1,8304.0,3221,12.2952795,0.3881204231082177,True,True
TGTCAATCATGAAGTA-1,3505.0,1898,6.9614835,0.3881204231082177,True,True
TGTCAGTAGCATTATG-1,9485.0,3648,9.204006,0.2743467933491688,True,True
TGTCATAAGCCGCAGT-1,6721.0,2863,11.352477,0.311584553928096,True,True
TGTGAAACAAGTCGCT-1,11040.0,3940,12.717392,0.3881204231082177,True,True
TGTGCGGGTACGTTTC-1,8840.0,3343,14.095023,0.3590909090909092,True,True
TGTGCGGGTGACATGC-1,6703.0,2999,7.7577205,0.2919020715630885,True,True
TGTGGAGCAGCATTAT-1,6815.0,2801,10.696992,0.3338058114812188,True,True
TGTGGAGCATGAAATG-1,7230.0,3068,8.658368,0.3338058114812188,True,True
TGTTAGCAGCTAAGTC-1,5294.0,2395,6.1579146,0.2919020715630885,True,True
TGTTCCTCAAACCTAT-1,7943.0,3135,14.553695,0.2585915492957747,True,True
TGTTGCACAGCTAATT-1,5466.0,2467,17.581411,0.421792618629174,True,False
TGTTGTAAGCCTGGTA-1,5271.0,2537,7.854297,0.2585915492957747,True,True
TGTTTGTTCACAAGCT-1,18154.0,5175,11.116008,0.1815920398009949,True,True
TTAAAGGCACTGACCG-1,7878.0,3105,9.482102,0.2743467933491688,True,True
TTAACTGAGTTAGACC-1,5914.0,2768,9.029422,0.2919020715630885,True,True
TTAATCGAGGAGGACT-1,6783.0,2778,14.551084,0.3338058114812188,True,True
TTACACCGTTACAACG-1,5130.0,2298,9.317739,0.1900043084877208,True,True
TTACAGCAGCAACATC-1,9847.0,3828,6.215091,0.2919020715630885,True,True
TTACCGTGTTCCGGGA-1,3093.0,1568,5.560944,0.2314767501277466,True,True
TTACCTGTCTCCTCTT-1,20116.0,5430,5.1352158,0.3881204231082177,True,True
TTAGAAGCAAAGCTCC-1,3788.0,1919,3.5638862,0.1900043084877208,True,True
TTAGACTCAATCCTGA-1,11357.0,4065,11.349829,0.2585915492957747,True,True
TTAGCCTGTAACTACG-1,6116.0,2817,8.747547,0.3590909090909092,True,True
TTAGCCTGTCTTTATG-1,11741.0,4148,9.317775,0.3338058114812188,True,True
TTAGTCAAGTTACCGG-1,6138.0,2787,7.086999,0.3590909090909092,True,True
TTATCCGTCATTGTTC-1,10861.0,3814,11.232851,0.3881204231082177,True,True
TTATCCGTCGCAGGCT-1,5050.0,2546,12.712872,0.3590909090909092,True,True
TTATCCTAGCTATTAG-1,11978.0,4165,11.270663,0.1900043084877208,True,True
TTATGCGCACAACAGG-1,5062.0,2385,9.2453575,0.2585915492957747,True,True
TTATGCGCATGCTCCC-1,7718.0,3216,7.7092514,0.3590909090909092,True,True
TTATTGCTCATTACGA-1,23282.0,5992,10.243965,0.2314767501277466,True,True
TTCAGGTAGTGAGGGT-1,6335.0,2847,9.550118,0.2443729903536976,True,True
TTCCTTCTCCTCACAC-1,12967.0,4358,7.835274,0.3338058114812188,True,True
TTCGTGCTCGAAGCGG-1,7093.0,3032,11.574792,0.2743467933491688,True,True
TTCGTGCTCTGCAAAC-1,7660.0,2974,8.563969,0.2585915492957747,True,True
TTCTTAGGTCCTCCAA-1,9873.0,3724,12.691177,0.2919020715630885,True,True
TTGACGTAGCTTAGTA-1,10592.0,3808,13.689577,0.3881204231082177,True,True
TTGACTAAGTGCACGC-1,3098.0,1673,5.4228535,0.1991031390134529,True,True
TTGACTAAGTGTTGTA-1,8167.0,3203,11.166891,0.208976157082749,True,True
TTGAGCTAGCGGCTGT-1,4687.0,1984,8.192874,0.1991031390134529,True,True
TTGCAATCAAACTGCC-1,8820.0,3331,7.539683,0.4613180515759315,True,True
TTGCACACATTTAAGC-1,6367.0,2717,9.1408825,0.2443729903536976,True,True
TTGCAGCCAGGAATCG-1,5954.0,2710,9.724555,0.3338058114812188,True,True
TTGCATTTCTCCTCTT-1,14526.0,4530,6.16825,0.2314767501277466,True,True
TTGCTCTCATAGTCAT-1,6492.0,2811,8.564387,0.3590909090909092,True,True
TTGCTTTAGCAGCTAT-1,8465.0,3428,8.706438,0.2585915492957747,True,True
TTGCTTTAGGCGGGTA-1,5949.0,2765,8.589679,0.2743467933491688,True,True
TTGGAGGCAGGCTTCG-1,16900.0,5180,10.83432,0.421792618629174,True,True
TTGGAGGCATCTTGAG-1,6357.0,2758,14.016046,0.2314767501277466,True,True
TTGGATCAGCAAGATG-1,3466.0,1666,8.742065,0.2443729903536976,True,True
TTGGATCAGCCACAAT-1,4706.0,2137,10.858479,0.3881204231082177,True,True
TTGGATCAGTTCCCAC-1,3645.0,1819,6.556927,0.2314767501277466,True,True
TTGGCGGGTAAACAAG-1,10070.0,3382,12.571997,0.421792618629174,True,True
TTGGCTACAATCGCAC-1,10778.0,3794,8.814251,0.3590909090909092,True,True
TTGGCTGAGCAGCTAT-1,4926.0,2099,7.673569,0.1815920398009949,True,True
TTGGCTGAGGCCTTAG-1,8851.0,3432,11.219071,0.3338058114812188,True,True
TTGTAAGTCAGTTCCC-1,6207.0,2838,9.424843,0.2585915492957747,True,True
TTGTAAGTCCCTCATA-1,7143.0,2993,9.9958,0.1815920398009949,True,True
TTGTCAAAGGACCTTG-1,8531.0,3217,7.818544,0.3338058114812188,True,True
TTGTCAAAGTATGTGC-1,8248.0,3566,7.7352085,0.5653179190751447,True,True
TTGTCCATCCCTGATC-1,10904.0,3904,8.272193,0.2585915492957747,True,True
TTGTCCCAGCACAGAA-1,6946.0,3038,6.9680395,0.2585915492957747,True,True
TTGTCCGGTGCGCAAT-1,1191.0,696,18.97565,0.2585915492957747,True,False
TTGTCCGGTGGATTAT-1,3360.0,1677,10.952381,0.1991031390134529,True,True
TTGTGCCTCAGGAAGC-1,5160.0,2438,10.290698,0.2585915492957747,True,True
TTGTGCGAGTTGCGTG-1,9497.0,3629,11.456249,0.2919020715630885,True,True
TTGTTCCCAGCTCATA-1,4877.0,2372,9.329506,0.1991031390134529,True,True
TTGTTGTTCTGGCATG-1,15054.0,4651,9.5522785,0.5083682008368199,True,True
TTGTTTGGTCACAGAC-1,8061.0,3183,8.336434,0.2443729903536976,True,True
TTTAACGAGTTAGTGC-1,8405.0,3408,10.089232,0.421792618629174,True,True
TTTAAGCCATTATCCC-1,4585.0,2055,7.044711,0.1815920398009949,True,True
TTTACGAAGATGCCTG-1,7496.0,3103,11.779616,0.3338058114812188,True,True
TTTACGCGTTAAGGTT-1,328.0,244,10.97561,0.2585915492957747,True,True
TTTAGCAAGGCGGGTA-1,5390.0,2345,13.302411,0.3881204231082177,True,True
TTTATGGAGTCGCAAT-1,6164.0,2915,10.123297,0.311584553928096,True,True
TTTCACCCATGAAATG-1,5876.0,2570,13.427502,0.2743467933491688,True,True
TTTCCACCAATAACCT-1,7655.0,3144,9.353363,0.2919020715630885,True,True
TTTCCGGGTAACCACA-1,6340.0,2803,7.492114,0.311584553928096,True,True
TTTGACCGTATTACCC-1,6390.0,2728,10.140845,0.311584553928096,True,True
TTTGACTTCTTACTCG-1,4393.0,1935,7.534714,0.1900043084877208,True,True
TTTGCATTCCTTGTTG-1,7465.0,3093,8.265238,0.2743467933491688,True,True
TTTGCGACATCACTTC-1,10795.0,3831,7.7443266,0.2919020715630885,True,True
TTTGGTAAGCGCCTTT-1,7468.0,2862,14.970541,0.5083682008368199,True,True
TTTGTCTAGACAACAG-1,6489.0,2937,8.707043,0.3338058114812188,True,True
TTTGTCTAGGACCTGC-1,10785.0,3967,10.709318,0.311584553928096,True,True
TTTGTGGCAAGTGTCC-1,5383.0,2447,9.7715025,0.311584553928096,True,True
TTTGTTGGTCTTTATG-1,6554.0,2792,6.499848,0.2443729903536976,True,True
TTTGTTGGTTGCAGTA-1,4834.0,2116,7.4265623,0.2314767501277466,True,True
