position,multiome_barcode,rna_barcode,atac_barcode,all_same_position
0,AAACAGCCAAGGAATC-1,AAACAGCCAAGGAATC-1,AAACAGCCAAGGAATC-1,True
1,AAACAGCCAATCCCTT-1,AAACAGCCAATCCCTT-1,AAACAGCCAATCCCTT-1,True
2,AAACAGCCAATGCGCT-1,AAACAGCCAATGCGCT-1,AAACAGCCAATGCGCT-1,True
3,AAACAGCCACACTAAT-1,AAACAGCCACACTAAT-1,AAACAGCCACACTAAT-1,True
4,AAACAGCCACCAACCG-1,AAACAGCCACCAACCG-1,AAACAGCCACCAACCG-1,True
5,AAACAGCCAGGATAAC-1,AAACAGCCAGGATAAC-1,AAACAGCCAGGATAAC-1,True
6,AAACAGCCAGTAGGTG-1,AAACAGCCAGTAGGTG-1,AAACAGCCAGTAGGTG-1,True
7,AAACAGCCAGTTTACG-1,AAACAGCCAGTTTACG-1,AAACAGCCAGTTTACG-1,True
8,AAACAGCCATCCAGGT-1,AAACAGCCATCCAGGT-1,AAACAGCCATCCAGGT-1,True
9,AAACATGCAAGGTCCT-1,AAACATGCAAGGTCCT-1,AAACATGCAAGGTCCT-1,True
10,AAACATGCACCGGCTA-1,AAACATGCACCGGCTA-1,AAACATGCACCGGCTA-1,True
11,AAACATGCACTTGTTC-1,AAACATGCACTTGTTC-1,AAACATGCACTTGTTC-1,True
12,AAACATGCAGCAAGTG-1,AAACATGCAGCAAGTG-1,AAACATGCAGCAAGTG-1,True
13,AAACATGCAGGGAGCT-1,AAACATGCAGGGAGCT-1,AAACATGCAGGGAGCT-1,True
14,AAACCAACACAATGCC-1,AAACCAACACAATGCC-1,AAACCAACACAATGCC-1,True
15,AAACCAACACTAAGAA-1,AAACCAACACTAAGAA-1,AAACCAACACTAAGAA-1,True
16,AAACCAACAGGAACTG-1,AAACCAACAGGAACTG-1,AAACCAACAGGAACTG-1,True
17,AAACCAACAGGATGGC-1,AAACCAACAGGATGGC-1,AAACCAACAGGATGGC-1,True
18,AAACCAACATAATCCG-1,AAACCAACATAATCCG-1,AAACCAACATAATCCG-1,True
19,AAACCAACATTGTGCA-1,AAACCAACATTGTGCA-1,AAACCAACATTGTGCA-1,True
20,AAACCGAAGCTGGACC-1,AAACCGAAGCTGGACC-1,AAACCGAAGCTGGACC-1,True
21,AAACCGAAGTGAGCAA-1,AAACCGAAGTGAGCAA-1,AAACCGAAGTGAGCAA-1,True
22,AAACCGAAGTTGCGTG-1,AAACCGAAGTTGCGTG-1,AAACCGAAGTTGCGTG-1,True
23,AAACCGCGTACTTCAC-1,AAACCGCGTACTTCAC-1,AAACCGCGTACTTCAC-1,True
24,AAACCGCGTATGGTGC-1,AAACCGCGTATGGTGC-1,AAACCGCGTATGGTGC-1,True
